<?xml version="1.0" encoding="UTF-8" ?>
<!-- This is a WordPress eXtended RSS file generated by WordPress as an export of your site. -->
<!-- It contains information about your site's posts, pages, comments, categories, and other content. -->
<!-- You may use this file to transfer that content from one site to another. -->
<!-- This file is not intended to serve as a complete backup of your site. -->

<!-- To import this information into a WordPress site follow these steps: -->
<!-- 1. Log in to that site as an administrator. -->
<!-- 2. Go to Tools: Import in the WordPress admin panel. -->
<!-- 3. Install the "WordPress" importer from the list. -->
<!-- 4. Activate & Run Importer. -->
<!-- 5. Upload this file using the form provided on that page. -->
<!-- 6. You will first be asked to map the authors in this export file to users -->
<!--    on the site. For each author, you may choose to map to an -->
<!--    existing user on the site or to create a new user. -->
<!-- 7. WordPress will then import each of the posts, pages, comments, categories, etc. -->
<!--    contained in this file into your site. -->

<!-- generator="WordPress/3.9.2" created="2014-09-24 22:18" -->
<rss version="2.0"
    xmlns:excerpt="http://wordpress.org/export/1.2/excerpt/"
    xmlns:content="http://purl.org/rss/1.0/modules/content/"
    xmlns:wfw="http://wellformedweb.org/CommentAPI/"
    xmlns:dc="http://purl.org/dc/elements/1.1/"
    xmlns:wp="http://wordpress.org/export/1.2/"
>

<channel>
    <title>Blackbox &#039;Coming Soon&#039; Demo</title>
    <link>http://www.thomascarter.net/themes/blackbox-coming-soon</link>
    <description>Just another Thomas Carter.at Theme Demos Sites site</description>
    <pubDate>Wed, 24 Sep 2014 22:18:25 +0000</pubDate>
    <language>en-US</language>
    <wp:wxr_version>1.2</wp:wxr_version>
    <wp:base_site_url>http://www.thomascarter.net/themes/</wp:base_site_url>
    <wp:base_blog_url>http://www.thomascarter.net/themes/blackbox-coming-soon</wp:base_blog_url>

    <wp:author><wp:author_id>1</wp:author_id><wp:author_login>Thomas Carter</wp:author_login><wp:author_email>office@thomascarter.net</wp:author_email><wp:author_display_name><![CDATA[Thomas Carter]]></wp:author_display_name><wp:author_first_name><![CDATA[Christian]]></wp:author_first_name><wp:author_last_name><![CDATA[Budschedl]]></wp:author_last_name></wp:author>

    <wp:category><wp:term_id>1</wp:term_id><wp:category_nicename>uncategorized</wp:category_nicename><wp:category_parent></wp:category_parent><wp:cat_name><![CDATA[Uncategorized]]></wp:cat_name></wp:category>

    <generator>http://wordpress.org/?v=3.9.2</generator>

    <item>
                <title>invio_logo</title>
        <link>http://www.thomascarter.net/themes/blackbox-coming-soon/?post_type=invio_framework_post&#038;p=9</link>
        <pubDate>Wed, 30 Nov -0001 00:00:00 +0000</pubDate>
        <dc:creator><![CDATA[Thomas Carter]]></dc:creator>
        <guid isPermaLink="false">http://www.thomascarter.net/themes/blackbox-coming-soon/?post_type=invio_framework_post&#038;p=9</guid>
        <description></description>
        <content:encoded><![CDATA[]]></content:encoded>
        <excerpt:encoded><![CDATA[]]></excerpt:encoded>
        <wp:post_id>9</wp:post_id>
        <wp:post_date>2014-09-24 22:13:21</wp:post_date>
        <wp:post_date_gmt>0000-00-00 00:00:00</wp:post_date_gmt>
        <wp:comment_status>closed</wp:comment_status>
        <wp:ping_status>closed</wp:ping_status>
        <wp:post_name></wp:post_name>
        <wp:status>draft</wp:status>
        <wp:post_parent>0</wp:post_parent>
        <wp:menu_order>0</wp:menu_order>
        <wp:post_type>invio_framework_post</wp:post_type>
        <wp:post_password></wp:post_password>
        <wp:is_sticky>0</wp:is_sticky>
    </item>
    <item>
                <title>invio_favicon</title>
        <link>http://www.thomascarter.net/themes/blackbox-coming-soon/?post_type=invio_framework_post&#038;p=10</link>
        <pubDate>Wed, 30 Nov -0001 00:00:00 +0000</pubDate>
        <dc:creator><![CDATA[Thomas Carter]]></dc:creator>
        <guid isPermaLink="false">http://www.thomascarter.net/themes/blackbox-coming-soon/?post_type=invio_framework_post&#038;p=10</guid>
        <description></description>
        <content:encoded><![CDATA[]]></content:encoded>
        <excerpt:encoded><![CDATA[]]></excerpt:encoded>
        <wp:post_id>10</wp:post_id>
        <wp:post_date>2014-09-24 22:13:21</wp:post_date>
        <wp:post_date_gmt>0000-00-00 00:00:00</wp:post_date_gmt>
        <wp:comment_status>closed</wp:comment_status>
        <wp:ping_status>closed</wp:ping_status>
        <wp:post_name></wp:post_name>
        <wp:status>draft</wp:status>
        <wp:post_parent>0</wp:post_parent>
        <wp:menu_order>0</wp:menu_order>
        <wp:post_type>invio_framework_post</wp:post_type>
        <wp:post_password></wp:post_password>
        <wp:is_sticky>0</wp:is_sticky>
    </item>
    <item>
                <title>invio_custom_background_image</title>
        <link>http://www.thomascarter.net/themes/blackbox-coming-soon/?post_type=invio_framework_post&#038;p=11</link>
        <pubDate>Wed, 30 Nov -0001 00:00:00 +0000</pubDate>
        <dc:creator><![CDATA[Thomas Carter]]></dc:creator>
        <guid isPermaLink="false">http://www.thomascarter.net/themes/blackbox-coming-soon/?post_type=invio_framework_post&#038;p=11</guid>
        <description></description>
        <content:encoded><![CDATA[]]></content:encoded>
        <excerpt:encoded><![CDATA[]]></excerpt:encoded>
        <wp:post_id>11</wp:post_id>
        <wp:post_date>2014-09-24 22:13:21</wp:post_date>
        <wp:post_date_gmt>0000-00-00 00:00:00</wp:post_date_gmt>
        <wp:comment_status>closed</wp:comment_status>
        <wp:ping_status>closed</wp:ping_status>
        <wp:post_name></wp:post_name>
        <wp:status>draft</wp:status>
        <wp:post_parent>0</wp:post_parent>
        <wp:menu_order>0</wp:menu_order>
        <wp:post_type>invio_framework_post</wp:post_type>
        <wp:post_password></wp:post_password>
        <wp:is_sticky>0</wp:is_sticky>
    </item>
    <item>
                <title>invio_transparency_logo</title>
        <link>http://www.thomascarter.net/themes/blackbox-coming-soon/?post_type=invio_framework_post&#038;p=12</link>
        <pubDate>Wed, 30 Nov -0001 00:00:00 +0000</pubDate>
        <dc:creator><![CDATA[Thomas Carter]]></dc:creator>
        <guid isPermaLink="false">http://www.thomascarter.net/themes/blackbox-coming-soon/?post_type=invio_framework_post&#038;p=12</guid>
        <description></description>
        <content:encoded><![CDATA[]]></content:encoded>
        <excerpt:encoded><![CDATA[]]></excerpt:encoded>
        <wp:post_id>12</wp:post_id>
        <wp:post_date>2014-09-24 22:13:21</wp:post_date>
        <wp:post_date_gmt>0000-00-00 00:00:00</wp:post_date_gmt>
        <wp:comment_status>closed</wp:comment_status>
        <wp:ping_status>closed</wp:ping_status>
        <wp:post_name></wp:post_name>
        <wp:status>draft</wp:status>
        <wp:post_parent>0</wp:post_parent>
        <wp:menu_order>0</wp:menu_order>
        <wp:post_type>invio_framework_post</wp:post_type>
        <wp:post_password></wp:post_password>
        <wp:is_sticky>0</wp:is_sticky>
    </item>
    <item>
                <title>Coming Soon Page</title>
        <link>http://www.thomascarter.net/themes/blackbox-coming-soon/coming-soon-page/</link>
        <pubDate>Wed, 24 Sep 2014 22:14:02 +0000</pubDate>
        <dc:creator><![CDATA[Thomas Carter]]></dc:creator>
        <guid isPermaLink="false">http://www.thomascarter.net/themes/blackbox-coming-soon/?page_id=13</guid>
        <description></description>
        <content:encoded><![CDATA[[invio_section color='main_color' custom_bg='' src='http://www.thomascarter.net/themes/blackbox-coming-soon/files/2014/09/people_town_dark.jpg' attachment='17' attachment_size='full' attach='fixed' position='center center' repeat='stretch' video='' video_ratio='16:9' min_height='100' min_height_px='500px' padding='large' shadow='no-border-styling' bottom_border='no-border-styling' id='']

[invio_one_fourth first]

[/invio_one_fourth][invio_one_half]

[invio_image src='http://www.thomascarter.net/themes/blackbox-coming-soon/files/2014/09/logo_coming_soon-80x80.png' attachment='16' attachment_size='thumbnail' align='center' animation='pop-up' link='' target='' styling='no-styling' caption='' font_size='' appearance=''][/invio_image]

[invio_heading tag='h1' padding='10' heading='<strong>Coming Soon</strong>
to a place near you!' color='custom-color-heading' style='blockquote modern-quote modern-centered' custom_font='#ffffff' size='44' subheading_active='subheading_below' subheading_size='15' custom_class='']
Lorem ipsum dolor sit amet, consectetuer adipiscing elit. Aenean commodo ligula eget dolor. Aenean massa. Cum sociis natoque penatibus et magnis dis parturient montes, nascetur ridiculus mus.sellus dolor. Maecenas vestibulum mollis
[/invio_heading]

[/invio_one_half][invio_one_fourth]

[/invio_one_fourth][invio_hr class='invisible' height='100' shadow='no-shadow' position='center' custom_border='invio-border-thin' custom_width='50px' custom_border_color='' custom_margin_top='30px' custom_margin_bottom='30px' icon_select='yes' custom_icon_color='' icon='ue808' font='entypo-fontello']

[invio_countdown date='10/02/2016' hour='12' minute='0' min='1' max='5' align='invio-align-center' size='' style='invio-trans-light-style']

[invio_hr class='invisible' height='100' shadow='no-shadow' position='center' custom_border='invio-border-thin' custom_width='50px' custom_border_color='' custom_margin_top='30px' custom_margin_bottom='30px' icon_select='yes' custom_icon_color='' icon='ue808' font='entypo-fontello']

[invio_one_fourth first]

[/invio_one_fourth][invio_one_half]

[invio_contact email='' title='' button='Notify me on Launch' on_send='' sent='Thank you!' link='manually,http://' subject='' autorespond='' captcha='' color='invio-custom-form-color invio-light-form']
[invio_contact_field label='Name' type='text' options='' check='is_empty' width='element_third'][/invio_contact_field]
[invio_contact_field label='E-Mail' type='text' options='' check='is_email' width='element_third'][/invio_contact_field]
[/invio_contact]

[invio_textblock size='21' font_color='custom' color='#ffffff']
<p style="text-align: center;">Want to get notified once we are ready to launch? Leave us your mail address and we will!</p>
[/invio_textblock]

[/invio_one_half][invio_one_fourth]

[/invio_one_fourth][/invio_section]]]></content:encoded>
        <excerpt:encoded><![CDATA[]]></excerpt:encoded>
        <wp:post_id>13</wp:post_id>
        <wp:post_date>2014-09-24 22:14:02</wp:post_date>
        <wp:post_date_gmt>2014-09-24 22:14:02</wp:post_date_gmt>
        <wp:comment_status>open</wp:comment_status>
        <wp:ping_status>open</wp:ping_status>
        <wp:post_name>coming-soon-page</wp:post_name>
        <wp:status>publish</wp:status>
        <wp:post_parent>0</wp:post_parent>
        <wp:menu_order>0</wp:menu_order>
        <wp:post_type>page</wp:post_type>
        <wp:post_password></wp:post_password>
        <wp:is_sticky>0</wp:is_sticky>
        <wp:postmeta>
            <wp:meta_key>_invioLayoutBuilder_active</wp:meta_key>
            <wp:meta_value><![CDATA[active]]></wp:meta_value>
        </wp:postmeta>
        <wp:postmeta>
            <wp:meta_key>_edit_last</wp:meta_key>
            <wp:meta_value><![CDATA[1]]></wp:meta_value>
        </wp:postmeta>
        <wp:postmeta>
            <wp:meta_key>_wp_page_template</wp:meta_key>
            <wp:meta_value><![CDATA[template-blank.php]]></wp:meta_value>
        </wp:postmeta>
        <wp:postmeta>
            <wp:meta_key>_invioLayoutBuilderCleanData</wp:meta_key>
            <wp:meta_value><![CDATA[[invio_section color='main_color' custom_bg='' src='http://www.thomascarter.net/themes/blackbox-coming-soon/files/2014/09/people_town_dark.jpg' attachment='17' attachment_size='full' attach='fixed' position='center center' repeat='stretch' video='' video_ratio='16:9' min_height='100' min_height_px='500px' padding='large' shadow='no-border-styling' bottom_border='no-border-styling' id='']

[invio_one_fourth first]

[/invio_one_fourth][invio_one_half]

[invio_image src='http://www.thomascarter.net/themes/blackbox-coming-soon/files/2014/09/logo_coming_soon-80x80.png' attachment='16' attachment_size='thumbnail' align='center' animation='pop-up' link='' target='' styling='no-styling' caption='' font_size='' appearance=''][/invio_image]

[invio_heading tag='h1' padding='10' heading='<strong>Coming Soon</strong><br/>to a place near you!' color='custom-color-heading' style='blockquote modern-quote modern-centered' custom_font='#ffffff' size='44' subheading_active='subheading_below' subheading_size='15' custom_class='']
Lorem ipsum dolor sit amet, consectetuer adipiscing elit. Aenean commodo ligula eget dolor. Aenean massa. Cum sociis natoque penatibus et magnis dis parturient montes, nascetur ridiculus mus.sellus dolor. Maecenas vestibulum mollis
[/invio_heading]

[/invio_one_half][invio_one_fourth]

[/invio_one_fourth][invio_hr class='invisible' height='100' shadow='no-shadow' position='center' custom_border='invio-border-thin' custom_width='50px' custom_border_color='' custom_margin_top='30px' custom_margin_bottom='30px' icon_select='yes' custom_icon_color='' icon='ue808' font='entypo-fontello']

[invio_countdown date='10/02/2016' hour='12' minute='0' min='1' max='5' align='invio-align-center' size='' style='invio-trans-light-style']

[invio_hr class='invisible' height='100' shadow='no-shadow' position='center' custom_border='invio-border-thin' custom_width='50px' custom_border_color='' custom_margin_top='30px' custom_margin_bottom='30px' icon_select='yes' custom_icon_color='' icon='ue808' font='entypo-fontello']

[invio_one_fourth first]

[/invio_one_fourth][invio_one_half]

[invio_contact email='' title='' button='Notify me on Launch' on_send='' sent='Thank you!' link='manually,http://' subject='' autorespond='' captcha='' color='invio-custom-form-color invio-light-form']
[invio_contact_field label='Name' type='text' options='' check='is_empty' width='element_third'][/invio_contact_field]
[invio_contact_field label='E-Mail' type='text' options='' check='is_email' width='element_third'][/invio_contact_field]
[/invio_contact]

[invio_textblock size='21' font_color='custom' color='#ffffff']
<p style="text-align: center;">Want to get notified once we are ready to launch? Leave us your mail address and we will!</p>
[/invio_textblock]

[/invio_one_half][invio_one_fourth]

[/invio_one_fourth][/invio_section]]]></wp:meta_value>
        </wp:postmeta>
        <wp:postmeta>
            <wp:meta_key>_invio_builder_shortcode_tree</wp:meta_key>
            <wp:meta_value><![CDATA[a:1:{i:0;a:3:{s:3:"tag";s:10:"invio_section";s:7:"content";a:9:{i:0;a:3:{s:3:"tag";s:13:"invio_one_fourth";s:7:"content";a:0:{}s:5:"index";i:1;}i:1;a:3:{s:3:"tag";s:11:"invio_one_half";s:7:"content";a:2:{i:0;a:3:{s:3:"tag";s:8:"invio_image";s:7:"content";a:0:{}s:5:"index";i:3;}i:1;a:3:{s:3:"tag";s:10:"invio_heading";s:7:"content";a:0:{}s:5:"index";i:4;}}s:5:"index";i:2;}i:2;a:3:{s:3:"tag";s:13:"invio_one_fourth";s:7:"content";a:0:{}s:5:"index";i:5;}i:3;a:3:{s:3:"tag";s:5:"invio_hr";s:7:"content";a:0:{}s:5:"index";i:6;}i:4;a:3:{s:3:"tag";s:12:"invio_countdown";s:7:"content";a:0:{}s:5:"index";i:7;}i:5;a:3:{s:3:"tag";s:5:"invio_hr";s:7:"content";a:0:{}s:5:"index";i:8;}i:6;a:3:{s:3:"tag";s:13:"invio_one_fourth";s:7:"content";a:0:{}s:5:"index";i:9;}i:7;a:3:{s:3:"tag";s:11:"invio_one_half";s:7:"content";a:2:{i:0;a:3:{s:3:"tag";s:10:"invio_contact";s:7:"content";a:0:{}s:5:"index";i:11;}i:1;a:3:{s:3:"tag";s:12:"invio_textblock";s:7:"content";a:0:{}s:5:"index";i:12;}}s:5:"index";i:10;}i:8;a:3:{s:3:"tag";s:13:"invio_one_fourth";s:7:"content";a:0:{}s:5:"index";i:13;}}s:5:"index";i:0;}}]]></wp:meta_value>
        </wp:postmeta>
        <wp:postmeta>
            <wp:meta_key>layout</wp:meta_key>
            <wp:meta_value><![CDATA[fullsize]]></wp:meta_value>
        </wp:postmeta>
        <wp:postmeta>
            <wp:meta_key>sidebar</wp:meta_key>
            <wp:meta_value><![CDATA[]]></wp:meta_value>
        </wp:postmeta>
        <wp:postmeta>
            <wp:meta_key>footer</wp:meta_key>
            <wp:meta_value><![CDATA[]]></wp:meta_value>
        </wp:postmeta>
        <wp:postmeta>
            <wp:meta_key>header_title_bar</wp:meta_key>
            <wp:meta_value><![CDATA[hidden_title_bar]]></wp:meta_value>
        </wp:postmeta>
        <wp:postmeta>
            <wp:meta_key>header_transparency</wp:meta_key>
            <wp:meta_value><![CDATA[]]></wp:meta_value>
        </wp:postmeta>
        <wp:postmeta>
            <wp:meta_key>_invio_hide_featured_image</wp:meta_key>
            <wp:meta_value><![CDATA[0]]></wp:meta_value>
        </wp:postmeta>
    </item>
    <item>
                <title>invio_template_builder_snippets</title>
        <link>http://www.thomascarter.net/themes/blackbox-coming-soon/?post_type=invio_framework_post&#038;p=14</link>
        <pubDate>Wed, 30 Nov -0001 00:00:00 +0000</pubDate>
        <dc:creator><![CDATA[Thomas Carter]]></dc:creator>
        <guid isPermaLink="false">http://www.thomascarter.net/themes/blackbox-coming-soon/?post_type=invio_framework_post&#038;p=14</guid>
        <description></description>
        <content:encoded><![CDATA[]]></content:encoded>
        <excerpt:encoded><![CDATA[]]></excerpt:encoded>
        <wp:post_id>14</wp:post_id>
        <wp:post_date>2014-09-24 22:13:37</wp:post_date>
        <wp:post_date_gmt>0000-00-00 00:00:00</wp:post_date_gmt>
        <wp:comment_status>closed</wp:comment_status>
        <wp:ping_status>closed</wp:ping_status>
        <wp:post_name></wp:post_name>
        <wp:status>draft</wp:status>
        <wp:post_parent>0</wp:post_parent>
        <wp:menu_order>0</wp:menu_order>
        <wp:post_type>invio_framework_post</wp:post_type>
        <wp:post_password></wp:post_password>
        <wp:is_sticky>0</wp:is_sticky>
    </item>
    <item>
                <title>General</title>
        <link>http://www.thomascarter.net/themes/blackbox-coming-soon/forums/forum/general/</link>
        <pubDate>Wed, 24 Sep 2014 22:06:58 +0000</pubDate>
        <dc:creator><![CDATA[Thomas Carter]]></dc:creator>
        <guid isPermaLink="false">http://www.thomascarter.net/themes/blackbox-coming-soon/forums/forum/general/</guid>
        <description></description>
        <content:encoded><![CDATA[General chit-chat]]></content:encoded>
        <excerpt:encoded><![CDATA[]]></excerpt:encoded>
        <wp:post_id>3</wp:post_id>
        <wp:post_date>2014-09-24 22:06:58</wp:post_date>
        <wp:post_date_gmt>2014-09-24 22:06:58</wp:post_date_gmt>
        <wp:comment_status>closed</wp:comment_status>
        <wp:ping_status>open</wp:ping_status>
        <wp:post_name>general</wp:post_name>
        <wp:status>publish</wp:status>
        <wp:post_parent>0</wp:post_parent>
        <wp:menu_order>0</wp:menu_order>
        <wp:post_type>forum</wp:post_type>
        <wp:post_password></wp:post_password>
        <wp:is_sticky>0</wp:is_sticky>
        <wp:postmeta>
            <wp:meta_key>_bbp_reply_count</wp:meta_key>
            <wp:meta_value><![CDATA[1]]></wp:meta_value>
        </wp:postmeta>
        <wp:postmeta>
            <wp:meta_key>_bbp_topic_count</wp:meta_key>
            <wp:meta_value><![CDATA[1]]></wp:meta_value>
        </wp:postmeta>
        <wp:postmeta>
            <wp:meta_key>_bbp_topic_count_hidden</wp:meta_key>
            <wp:meta_value><![CDATA[0]]></wp:meta_value>
        </wp:postmeta>
        <wp:postmeta>
            <wp:meta_key>_bbp_total_reply_count</wp:meta_key>
            <wp:meta_value><![CDATA[1]]></wp:meta_value>
        </wp:postmeta>
        <wp:postmeta>
            <wp:meta_key>_bbp_total_topic_count</wp:meta_key>
            <wp:meta_value><![CDATA[1]]></wp:meta_value>
        </wp:postmeta>
        <wp:postmeta>
            <wp:meta_key>_bbp_last_topic_id</wp:meta_key>
            <wp:meta_value><![CDATA[4]]></wp:meta_value>
        </wp:postmeta>
        <wp:postmeta>
            <wp:meta_key>_bbp_last_reply_id</wp:meta_key>
            <wp:meta_value><![CDATA[4]]></wp:meta_value>
        </wp:postmeta>
        <wp:postmeta>
            <wp:meta_key>_bbp_last_active_id</wp:meta_key>
            <wp:meta_value><![CDATA[4]]></wp:meta_value>
        </wp:postmeta>
        <wp:postmeta>
            <wp:meta_key>_bbp_last_active_time</wp:meta_key>
            <wp:meta_value><![CDATA[2014-09-24 22:06:58]]></wp:meta_value>
        </wp:postmeta>
        <wp:postmeta>
            <wp:meta_key>_bbp_forum_subforum_count</wp:meta_key>
            <wp:meta_value><![CDATA[0]]></wp:meta_value>
        </wp:postmeta>
    </item>
    <item>
                <title>Hello World!</title>
        <link>http://www.thomascarter.net/themes/blackbox-coming-soon/forums/topic/hello-world/</link>
        <pubDate>Wed, 24 Sep 2014 22:06:58 +0000</pubDate>
        <dc:creator><![CDATA[Thomas Carter]]></dc:creator>
        <guid isPermaLink="false">http://www.thomascarter.net/themes/blackbox-coming-soon/forums/topic/hello-world/</guid>
        <description></description>
        <content:encoded><![CDATA[I am the first topic in your new forums.]]></content:encoded>
        <excerpt:encoded><![CDATA[]]></excerpt:encoded>
        <wp:post_id>4</wp:post_id>
        <wp:post_date>2014-09-24 22:06:58</wp:post_date>
        <wp:post_date_gmt>2014-09-24 22:06:58</wp:post_date_gmt>
        <wp:comment_status>closed</wp:comment_status>
        <wp:ping_status>open</wp:ping_status>
        <wp:post_name>hello-world</wp:post_name>
        <wp:status>publish</wp:status>
        <wp:post_parent>3</wp:post_parent>
        <wp:menu_order>0</wp:menu_order>
        <wp:post_type>topic</wp:post_type>
        <wp:post_password></wp:post_password>
        <wp:is_sticky>0</wp:is_sticky>
        <wp:postmeta>
            <wp:meta_key>_bbp_author_ip</wp:meta_key>
            <wp:meta_value><![CDATA[84.113.200.41]]></wp:meta_value>
        </wp:postmeta>
        <wp:postmeta>
            <wp:meta_key>_bbp_forum_id</wp:meta_key>
            <wp:meta_value><![CDATA[3]]></wp:meta_value>
        </wp:postmeta>
        <wp:postmeta>
            <wp:meta_key>_bbp_topic_id</wp:meta_key>
            <wp:meta_value><![CDATA[4]]></wp:meta_value>
        </wp:postmeta>
        <wp:postmeta>
            <wp:meta_key>_bbp_voice_count</wp:meta_key>
            <wp:meta_value><![CDATA[1]]></wp:meta_value>
        </wp:postmeta>
        <wp:postmeta>
            <wp:meta_key>_bbp_reply_count</wp:meta_key>
            <wp:meta_value><![CDATA[1]]></wp:meta_value>
        </wp:postmeta>
        <wp:postmeta>
            <wp:meta_key>_bbp_reply_count_hidden</wp:meta_key>
            <wp:meta_value><![CDATA[0]]></wp:meta_value>
        </wp:postmeta>
        <wp:postmeta>
            <wp:meta_key>_bbp_last_reply_id</wp:meta_key>
            <wp:meta_value><![CDATA[5]]></wp:meta_value>
        </wp:postmeta>
        <wp:postmeta>
            <wp:meta_key>_bbp_last_active_id</wp:meta_key>
            <wp:meta_value><![CDATA[4]]></wp:meta_value>
        </wp:postmeta>
        <wp:postmeta>
            <wp:meta_key>_bbp_last_active_time</wp:meta_key>
            <wp:meta_value><![CDATA[2014-09-24 22:06:58]]></wp:meta_value>
        </wp:postmeta>
    </item>
    <item>
                <title>Re: Hello World!</title>
        <link>http://www.thomascarter.net/themes/blackbox-coming-soon/forums/reply/re-hello-world/</link>
        <pubDate>Wed, 24 Sep 2014 22:06:58 +0000</pubDate>
        <dc:creator><![CDATA[Thomas Carter]]></dc:creator>
        <guid isPermaLink="false">http://www.thomascarter.net/themes/blackbox-coming-soon/forums/reply/re-hello-world/</guid>
        <description></description>
        <content:encoded><![CDATA[Oh, and this is what a reply looks like.]]></content:encoded>
        <excerpt:encoded><![CDATA[]]></excerpt:encoded>
        <wp:post_id>5</wp:post_id>
        <wp:post_date>2014-09-24 22:06:58</wp:post_date>
        <wp:post_date_gmt>2014-09-24 22:06:58</wp:post_date_gmt>
        <wp:comment_status>closed</wp:comment_status>
        <wp:ping_status>open</wp:ping_status>
        <wp:post_name>re-hello-world</wp:post_name>
        <wp:status>publish</wp:status>
        <wp:post_parent>4</wp:post_parent>
        <wp:menu_order>0</wp:menu_order>
        <wp:post_type>reply</wp:post_type>
        <wp:post_password></wp:post_password>
        <wp:is_sticky>0</wp:is_sticky>
        <wp:postmeta>
            <wp:meta_key>_bbp_author_ip</wp:meta_key>
            <wp:meta_value><![CDATA[84.113.200.41]]></wp:meta_value>
        </wp:postmeta>
        <wp:postmeta>
            <wp:meta_key>_bbp_forum_id</wp:meta_key>
            <wp:meta_value><![CDATA[3]]></wp:meta_value>
        </wp:postmeta>
        <wp:postmeta>
            <wp:meta_key>_bbp_topic_id</wp:meta_key>
            <wp:meta_value><![CDATA[4]]></wp:meta_value>
        </wp:postmeta>
    </item>
    <item>
                <title>logo_coming_soon</title>
        <link>http://www.thomascarter.net/themes/blackbox-coming-soon/coming-soon-page/logo_coming_soon/</link>
        <pubDate>Wed, 24 Sep 2014 22:14:53 +0000</pubDate>
        <dc:creator><![CDATA[Thomas Carter]]></dc:creator>
        <guid isPermaLink="false">http://www.thomascarter.net/themes/blackbox-coming-soon/files/2014/09/logo_coming_soon.png</guid>
        <description></description>
        <content:encoded><![CDATA[]]></content:encoded>
        <excerpt:encoded><![CDATA[]]></excerpt:encoded>
        <wp:post_id>16</wp:post_id>
        <wp:post_date>2014-09-24 22:14:53</wp:post_date>
        <wp:post_date_gmt>2014-09-24 22:14:53</wp:post_date_gmt>
        <wp:comment_status>open</wp:comment_status>
        <wp:ping_status>open</wp:ping_status>
        <wp:post_name>logo_coming_soon</wp:post_name>
        <wp:status>inherit</wp:status>
        <wp:post_parent>13</wp:post_parent>
        <wp:menu_order>0</wp:menu_order>
        <wp:post_type>attachment</wp:post_type>
        <wp:post_password></wp:post_password>
        <wp:is_sticky>0</wp:is_sticky>
        <wp:attachment_url>http://www.thomascarter.net/themes/blackbox-coming-soon/files/2014/09/logo_coming_soon.png</wp:attachment_url>
        <wp:postmeta>
            <wp:meta_key>_wp_attached_file</wp:meta_key>
            <wp:meta_value><![CDATA[2014/09/logo_coming_soon.png]]></wp:meta_value>
        </wp:postmeta>
        <wp:postmeta>
            <wp:meta_key>_wp_attachment_metadata</wp:meta_key>
            <wp:meta_value><![CDATA[a:5:{s:5:"width";i:200;s:6:"height";i:200;s:4:"file";s:28:"2014/09/logo_coming_soon.png";s:5:"sizes";a:5:{s:9:"thumbnail";a:4:{s:4:"file";s:26:"logo_coming_soon-80x80.png";s:5:"width";i:80;s:6:"height";i:80;s:9:"mime-type";s:9:"image/png";}s:6:"widget";a:4:{s:4:"file";s:26:"logo_coming_soon-36x36.png";s:5:"width";i:36;s:6:"height";i:36;s:9:"mime-type";s:9:"image/png";}s:6:"square";a:4:{s:4:"file";s:28:"logo_coming_soon-180x180.png";s:5:"width";i:180;s:6:"height";i:180;s:9:"mime-type";s:9:"image/png";}s:15:"portfolio_small";a:4:{s:4:"file";s:28:"logo_coming_soon-200x185.png";s:5:"width";i:200;s:6:"height";i:185;s:9:"mime-type";s:9:"image/png";}s:14:"shop_thumbnail";a:4:{s:4:"file";s:28:"logo_coming_soon-120x120.png";s:5:"width";i:120;s:6:"height";i:120;s:9:"mime-type";s:9:"image/png";}}s:10:"image_meta";a:10:{s:8:"aperture";i:0;s:6:"credit";s:0:"";s:6:"camera";s:0:"";s:7:"caption";s:0:"";s:17:"created_timestamp";i:0;s:9:"copyright";s:0:"";s:12:"focal_length";i:0;s:3:"iso";i:0;s:13:"shutter_speed";i:0;s:5:"title";s:0:"";}}]]></wp:meta_value>
        </wp:postmeta>
    </item>
    <item>
                <title>people_town_dark</title>
        <link>http://www.thomascarter.net/themes/blackbox-coming-soon/coming-soon-page/people_town_dark/</link>
        <pubDate>Wed, 24 Sep 2014 22:15:12 +0000</pubDate>
        <dc:creator><![CDATA[Thomas Carter]]></dc:creator>
        <guid isPermaLink="false">http://www.thomascarter.net/themes/blackbox-coming-soon/files/2014/09/people_town_dark.jpg</guid>
        <description></description>
        <content:encoded><![CDATA[]]></content:encoded>
        <excerpt:encoded><![CDATA[]]></excerpt:encoded>
        <wp:post_id>17</wp:post_id>
        <wp:post_date>2014-09-24 22:15:12</wp:post_date>
        <wp:post_date_gmt>2014-09-24 22:15:12</wp:post_date_gmt>
        <wp:comment_status>open</wp:comment_status>
        <wp:ping_status>open</wp:ping_status>
        <wp:post_name>people_town_dark</wp:post_name>
        <wp:status>inherit</wp:status>
        <wp:post_parent>13</wp:post_parent>
        <wp:menu_order>0</wp:menu_order>
        <wp:post_type>attachment</wp:post_type>
        <wp:post_password></wp:post_password>
        <wp:is_sticky>0</wp:is_sticky>
        <wp:attachment_url>http://www.thomascarter.net/themes/blackbox-coming-soon/files/2014/09/people_town_dark.jpg</wp:attachment_url>
        <wp:postmeta>
            <wp:meta_key>_wp_attached_file</wp:meta_key>
            <wp:meta_value><![CDATA[2014/09/people_town_dark.jpg]]></wp:meta_value>
        </wp:postmeta>
        <wp:postmeta>
            <wp:meta_key>_wp_attachment_metadata</wp:meta_key>
            <wp:meta_value><![CDATA[a:5:{s:5:"width";i:1600;s:6:"height";i:1063;s:4:"file";s:28:"2014/09/people_town_dark.jpg";s:5:"sizes";a:18:{s:9:"thumbnail";a:4:{s:4:"file";s:26:"people_town_dark-80x80.jpg";s:5:"width";i:80;s:6:"height";i:80;s:9:"mime-type";s:10:"image/jpeg";}s:6:"medium";a:4:{s:4:"file";s:28:"people_town_dark-300x199.jpg";s:5:"width";i:300;s:6:"height";i:199;s:9:"mime-type";s:10:"image/jpeg";}s:5:"large";a:4:{s:4:"file";s:29:"people_town_dark-1030x684.jpg";s:5:"width";i:1030;s:6:"height";i:684;s:9:"mime-type";s:10:"image/jpeg";}s:6:"widget";a:4:{s:4:"file";s:26:"people_town_dark-36x36.jpg";s:5:"width";i:36;s:6:"height";i:36;s:9:"mime-type";s:10:"image/jpeg";}s:6:"square";a:4:{s:4:"file";s:28:"people_town_dark-180x180.jpg";s:5:"width";i:180;s:6:"height";i:180;s:9:"mime-type";s:10:"image/jpeg";}s:8:"featured";a:4:{s:4:"file";s:29:"people_town_dark-1500x430.jpg";s:5:"width";i:1500;s:6:"height";i:430;s:9:"mime-type";s:10:"image/jpeg";}s:14:"featured_large";a:4:{s:4:"file";s:29:"people_town_dark-1500x630.jpg";s:5:"width";i:1500;s:6:"height";i:630;s:9:"mime-type";s:10:"image/jpeg";}s:11:"extra_large";a:4:{s:4:"file";s:29:"people_town_dark-1500x996.jpg";s:5:"width";i:1500;s:6:"height";i:996;s:9:"mime-type";s:10:"image/jpeg";}s:9:"portfolio";a:4:{s:4:"file";s:28:"people_town_dark-495x400.jpg";s:5:"width";i:495;s:6:"height";i:400;s:9:"mime-type";s:10:"image/jpeg";}s:15:"portfolio_small";a:4:{s:4:"file";s:28:"people_town_dark-260x185.jpg";s:5:"width";i:260;s:6:"height";i:185;s:9:"mime-type";s:10:"image/jpeg";}s:7:"gallery";a:4:{s:4:"file";s:28:"people_town_dark-845x684.jpg";s:5:"width";i:845;s:6:"height";i:684;s:9:"mime-type";s:10:"image/jpeg";}s:8:"magazine";a:4:{s:4:"file";s:28:"people_town_dark-710x375.jpg";s:5:"width";i:710;s:6:"height";i:375;s:9:"mime-type";s:10:"image/jpeg";}s:7:"masonry";a:4:{s:4:"file";s:28:"people_town_dark-705x468.jpg";s:5:"width";i:705;s:6:"height";i:468;s:9:"mime-type";s:10:"image/jpeg";}s:18:"entry_with_sidebar";a:4:{s:4:"file";s:28:"people_town_dark-845x321.jpg";s:5:"width";i:845;s:6:"height";i:321;s:9:"mime-type";s:10:"image/jpeg";}s:21:"entry_without_sidebar";a:4:{s:4:"file";s:29:"people_town_dark-1210x423.jpg";s:5:"width";i:1210;s:6:"height";i:423;s:9:"mime-type";s:10:"image/jpeg";}s:14:"shop_thumbnail";a:4:{s:4:"file";s:28:"people_town_dark-120x120.jpg";s:5:"width";i:120;s:6:"height";i:120;s:9:"mime-type";s:10:"image/jpeg";}s:12:"shop_catalog";a:4:{s:4:"file";s:28:"people_town_dark-450x450.jpg";s:5:"width";i:450;s:6:"height";i:450;s:9:"mime-type";s:10:"image/jpeg";}s:11:"shop_single";a:4:{s:4:"file";s:28:"people_town_dark-450x298.jpg";s:5:"width";i:450;s:6:"height";i:298;s:9:"mime-type";s:10:"image/jpeg";}}s:10:"image_meta";a:10:{s:8:"aperture";i:0;s:6:"credit";s:0:"";s:6:"camera";s:0:"";s:7:"caption";s:0:"";s:17:"created_timestamp";i:0;s:9:"copyright";s:0:"";s:12:"focal_length";i:0;s:3:"iso";i:0;s:13:"shutter_speed";i:0;s:5:"title";s:0:"";}}]]></wp:meta_value>
        </wp:postmeta>
    </item>
</channel>
</rss>
