<?xml version="1.0" encoding="UTF-8" ?>
<!-- This is a WordPress eXtended RSS file generated by WordPress as an export of your site. -->
<!-- It contains information about your site's posts, pages, comments, categories, and other content. -->
<!-- You may use this file to transfer that content from one site to another. -->
<!-- This file is not intended to serve as a complete backup of your site. -->

<!-- To import this information into a WordPress site follow these steps: -->
<!-- 1. Log in to that site as an administrator. -->
<!-- 2. Go to Tools: Import in the WordPress admin panel. -->
<!-- 3. Install the "WordPress" importer from the list. -->
<!-- 4. Activate & Run Importer. -->
<!-- 5. Upload this file using the form provided on that page. -->
<!-- 6. You will first be asked to map the authors in this export file to users -->
<!--    on the site. For each author, you may choose to map to an -->
<!--    existing user on the site or to create a new user. -->
<!-- 7. WordPress will then import each of the posts, pages, comments, categories, etc. -->
<!--    contained in this file into your site. -->

<!-- generator="WordPress/4.4.2" created="2016-03-18 13:00" -->
<rss version="2.0"
    xmlns:excerpt="http://wordpress.org/export/1.2/excerpt/"
    xmlns:content="http://purl.org/rss/1.0/modules/content/"
    xmlns:wfw="http://wellformedweb.org/CommentAPI/"
    xmlns:dc="http://purl.org/dc/elements/1.1/"
    xmlns:wp="http://wordpress.org/export/1.2/"
>

<channel>
    <title>Blackbox Résumé Demo</title>
    <link>http://www.thomascarter.net/themes/blackbox-resume</link>
    <description>Just another Thomas Carter.at Theme Demos Sites site</description>
    <pubDate>Fri, 18 Mar 2016 13:00:14 +0000</pubDate>
    <language>en-US</language>
    <wp:wxr_version>1.2</wp:wxr_version>
    <wp:base_site_url>http://www.thomascarter.net/themes/</wp:base_site_url>
    <wp:base_blog_url>http://www.thomascarter.net/themes/blackbox-resume</wp:base_blog_url>

    <wp:author><wp:author_id>1</wp:author_id><wp:author_login><![CDATA[Thomas Carter]]></wp:author_login><wp:author_email><![CDATA[office@thomascarter.net]]></wp:author_email><wp:author_display_name><![CDATA[Thomas Carter]]></wp:author_display_name><wp:author_first_name><![CDATA[Christian]]></wp:author_first_name><wp:author_last_name><![CDATA[Budschedl]]></wp:author_last_name></wp:author>

    <wp:category><wp:term_id>1</wp:term_id><wp:category_nicename><![CDATA[uncategorized]]></wp:category_nicename><wp:category_parent><![CDATA[]]></wp:category_parent><wp:cat_name><![CDATA[Uncategorized]]></wp:cat_name></wp:category>
    <wp:term><wp:term_id>14</wp:term_id><wp:term_taxonomy>nav_menu</wp:term_taxonomy><wp:term_slug><![CDATA[main-menu]]></wp:term_slug><wp:term_name><![CDATA[Main Menu]]></wp:term_name></wp:term>

    <generator>https://wordpress.org/?v=4.4.2</generator>

    <item>
        <title>General</title>
        <link>http://www.thomascarter.net/themes/blackbox-resume/forums/forum/general/</link>
        <pubDate>Fri, 18 Mar 2016 12:26:31 +0000</pubDate>
        <dc:creator><![CDATA[Thomas Carter]]></dc:creator>
        <guid isPermaLink="false">http://www.thomascarter.net/themes/blackbox-resume/forums/forum/general/</guid>
        <description></description>
        <content:encoded><![CDATA[General chit-chat]]></content:encoded>
        <excerpt:encoded><![CDATA[]]></excerpt:encoded>
        <wp:post_id>3</wp:post_id>
        <wp:post_date><![CDATA[2016-03-18 12:26:31]]></wp:post_date>
        <wp:post_date_gmt><![CDATA[2016-03-18 12:26:31]]></wp:post_date_gmt>
        <wp:comment_status><![CDATA[closed]]></wp:comment_status>
        <wp:ping_status><![CDATA[closed]]></wp:ping_status>
        <wp:post_name><![CDATA[general]]></wp:post_name>
        <wp:status><![CDATA[publish]]></wp:status>
        <wp:post_parent>0</wp:post_parent>
        <wp:menu_order>0</wp:menu_order>
        <wp:post_type><![CDATA[forum]]></wp:post_type>
        <wp:post_password><![CDATA[]]></wp:post_password>
        <wp:is_sticky>0</wp:is_sticky>
        <wp:postmeta>
            <wp:meta_key><![CDATA[_bbp_reply_count]]></wp:meta_key>
            <wp:meta_value><![CDATA[1]]></wp:meta_value>
        </wp:postmeta>
        <wp:postmeta>
            <wp:meta_key><![CDATA[_bbp_topic_count]]></wp:meta_key>
            <wp:meta_value><![CDATA[1]]></wp:meta_value>
        </wp:postmeta>
        <wp:postmeta>
            <wp:meta_key><![CDATA[_bbp_topic_count_hidden]]></wp:meta_key>
            <wp:meta_value><![CDATA[0]]></wp:meta_value>
        </wp:postmeta>
        <wp:postmeta>
            <wp:meta_key><![CDATA[_bbp_total_reply_count]]></wp:meta_key>
            <wp:meta_value><![CDATA[1]]></wp:meta_value>
        </wp:postmeta>
        <wp:postmeta>
            <wp:meta_key><![CDATA[_bbp_total_topic_count]]></wp:meta_key>
            <wp:meta_value><![CDATA[1]]></wp:meta_value>
        </wp:postmeta>
        <wp:postmeta>
            <wp:meta_key><![CDATA[_bbp_last_topic_id]]></wp:meta_key>
            <wp:meta_value><![CDATA[4]]></wp:meta_value>
        </wp:postmeta>
        <wp:postmeta>
            <wp:meta_key><![CDATA[_bbp_last_reply_id]]></wp:meta_key>
            <wp:meta_value><![CDATA[4]]></wp:meta_value>
        </wp:postmeta>
        <wp:postmeta>
            <wp:meta_key><![CDATA[_bbp_last_active_id]]></wp:meta_key>
            <wp:meta_value><![CDATA[4]]></wp:meta_value>
        </wp:postmeta>
        <wp:postmeta>
            <wp:meta_key><![CDATA[_bbp_last_active_time]]></wp:meta_key>
            <wp:meta_value><![CDATA[2016-03-18 12:26:31]]></wp:meta_value>
        </wp:postmeta>
        <wp:postmeta>
            <wp:meta_key><![CDATA[_bbp_forum_subforum_count]]></wp:meta_key>
            <wp:meta_value><![CDATA[0]]></wp:meta_value>
        </wp:postmeta>
    </item>
    <item>
        <title>invio_logo</title>
        <link>http://www.thomascarter.net/themes/blackbox-resume/?post_type=invio_framework_post&#038;p=7</link>
        <pubDate>Wed, 30 Nov -0001 00:00:00 +0000</pubDate>
        <dc:creator><![CDATA[Thomas Carter]]></dc:creator>
        <guid isPermaLink="false">http://www.thomascarter.net/themes/blackbox-resume/?post_type=invio_framework_post&#038;p=7</guid>
        <description></description>
        <content:encoded><![CDATA[]]></content:encoded>
        <excerpt:encoded><![CDATA[]]></excerpt:encoded>
        <wp:post_id>7</wp:post_id>
        <wp:post_date><![CDATA[2016-03-18 12:26:49]]></wp:post_date>
        <wp:post_date_gmt><![CDATA[0000-00-00 00:00:00]]></wp:post_date_gmt>
        <wp:comment_status><![CDATA[closed]]></wp:comment_status>
        <wp:ping_status><![CDATA[closed]]></wp:ping_status>
        <wp:post_name><![CDATA[]]></wp:post_name>
        <wp:status><![CDATA[draft]]></wp:status>
        <wp:post_parent>0</wp:post_parent>
        <wp:menu_order>0</wp:menu_order>
        <wp:post_type><![CDATA[invio_framework_post]]></wp:post_type>
        <wp:post_password><![CDATA[]]></wp:post_password>
        <wp:is_sticky>0</wp:is_sticky>
    </item>
    <item>
        <title>invio_favicon</title>
        <link>http://www.thomascarter.net/themes/blackbox-resume/?post_type=invio_framework_post&#038;p=8</link>
        <pubDate>Wed, 30 Nov -0001 00:00:00 +0000</pubDate>
        <dc:creator><![CDATA[Thomas Carter]]></dc:creator>
        <guid isPermaLink="false">http://www.thomascarter.net/themes/blackbox-resume/?post_type=invio_framework_post&#038;p=8</guid>
        <description></description>
        <content:encoded><![CDATA[]]></content:encoded>
        <excerpt:encoded><![CDATA[]]></excerpt:encoded>
        <wp:post_id>8</wp:post_id>
        <wp:post_date><![CDATA[2016-03-18 12:26:49]]></wp:post_date>
        <wp:post_date_gmt><![CDATA[0000-00-00 00:00:00]]></wp:post_date_gmt>
        <wp:comment_status><![CDATA[closed]]></wp:comment_status>
        <wp:ping_status><![CDATA[closed]]></wp:ping_status>
        <wp:post_name><![CDATA[]]></wp:post_name>
        <wp:status><![CDATA[draft]]></wp:status>
        <wp:post_parent>0</wp:post_parent>
        <wp:menu_order>0</wp:menu_order>
        <wp:post_type><![CDATA[invio_framework_post]]></wp:post_type>
        <wp:post_password><![CDATA[]]></wp:post_password>
        <wp:is_sticky>0</wp:is_sticky>
    </item>
    <item>
        <title>invio_custom_logo_for_preloader</title>
        <link>http://www.thomascarter.net/themes/blackbox-resume/?post_type=invio_framework_post&#038;p=9</link>
        <pubDate>Wed, 30 Nov -0001 00:00:00 +0000</pubDate>
        <dc:creator><![CDATA[Thomas Carter]]></dc:creator>
        <guid isPermaLink="false">http://www.thomascarter.net/themes/blackbox-resume/?post_type=invio_framework_post&#038;p=9</guid>
        <description></description>
        <content:encoded><![CDATA[]]></content:encoded>
        <excerpt:encoded><![CDATA[]]></excerpt:encoded>
        <wp:post_id>9</wp:post_id>
        <wp:post_date><![CDATA[2016-03-18 12:26:49]]></wp:post_date>
        <wp:post_date_gmt><![CDATA[0000-00-00 00:00:00]]></wp:post_date_gmt>
        <wp:comment_status><![CDATA[closed]]></wp:comment_status>
        <wp:ping_status><![CDATA[closed]]></wp:ping_status>
        <wp:post_name><![CDATA[]]></wp:post_name>
        <wp:status><![CDATA[draft]]></wp:status>
        <wp:post_parent>0</wp:post_parent>
        <wp:menu_order>0</wp:menu_order>
        <wp:post_type><![CDATA[invio_framework_post]]></wp:post_type>
        <wp:post_password><![CDATA[]]></wp:post_password>
        <wp:is_sticky>0</wp:is_sticky>
    </item>
    <item>
        <title>invio_custom_background_image</title>
        <link>http://www.thomascarter.net/themes/blackbox-resume/?post_type=invio_framework_post&#038;p=10</link>
        <pubDate>Wed, 30 Nov -0001 00:00:00 +0000</pubDate>
        <dc:creator><![CDATA[Thomas Carter]]></dc:creator>
        <guid isPermaLink="false">http://www.thomascarter.net/themes/blackbox-resume/?post_type=invio_framework_post&#038;p=10</guid>
        <description></description>
        <content:encoded><![CDATA[]]></content:encoded>
        <excerpt:encoded><![CDATA[]]></excerpt:encoded>
        <wp:post_id>10</wp:post_id>
        <wp:post_date><![CDATA[2016-03-18 12:26:49]]></wp:post_date>
        <wp:post_date_gmt><![CDATA[0000-00-00 00:00:00]]></wp:post_date_gmt>
        <wp:comment_status><![CDATA[closed]]></wp:comment_status>
        <wp:ping_status><![CDATA[closed]]></wp:ping_status>
        <wp:post_name><![CDATA[]]></wp:post_name>
        <wp:status><![CDATA[draft]]></wp:status>
        <wp:post_parent>0</wp:post_parent>
        <wp:menu_order>0</wp:menu_order>
        <wp:post_type><![CDATA[invio_framework_post]]></wp:post_type>
        <wp:post_password><![CDATA[]]></wp:post_password>
        <wp:is_sticky>0</wp:is_sticky>
    </item>
    <item>
        <title>invio_transparency_logo</title>
        <link>http://www.thomascarter.net/themes/blackbox-resume/?post_type=invio_framework_post&#038;p=11</link>
        <pubDate>Wed, 30 Nov -0001 00:00:00 +0000</pubDate>
        <dc:creator><![CDATA[Thomas Carter]]></dc:creator>
        <guid isPermaLink="false">http://www.thomascarter.net/themes/blackbox-resume/?post_type=invio_framework_post&#038;p=11</guid>
        <description></description>
        <content:encoded><![CDATA[]]></content:encoded>
        <excerpt:encoded><![CDATA[]]></excerpt:encoded>
        <wp:post_id>11</wp:post_id>
        <wp:post_date><![CDATA[2016-03-18 12:26:49]]></wp:post_date>
        <wp:post_date_gmt><![CDATA[0000-00-00 00:00:00]]></wp:post_date_gmt>
        <wp:comment_status><![CDATA[closed]]></wp:comment_status>
        <wp:ping_status><![CDATA[closed]]></wp:ping_status>
        <wp:post_name><![CDATA[]]></wp:post_name>
        <wp:status><![CDATA[draft]]></wp:status>
        <wp:post_parent>0</wp:post_parent>
        <wp:menu_order>0</wp:menu_order>
        <wp:post_type><![CDATA[invio_framework_post]]></wp:post_type>
        <wp:post_password><![CDATA[]]></wp:post_password>
        <wp:is_sticky>0</wp:is_sticky>
    </item>
    <item>
        <title>CV</title>
        <link>http://www.thomascarter.net/themes/blackbox-resume/cv/</link>
        <pubDate>Sat, 27 Feb 2016 08:40:04 +0000</pubDate>
        <dc:creator><![CDATA[Thomas Carter]]></dc:creator>
        <guid isPermaLink="false">http://test.thomascarter.net/blackbox-cv/?page_id=2</guid>
        <description></description>
        <content:encoded><![CDATA[[invio_layout_row border='' min_height='0' color='main_color' mobile='invio-fixed-cells' id='']
[invio_cell_one_third vertical_align='top' padding='3px,0px,0px,0px' background_color='#a0cdd2' src='' attachment='' attachment_size='' background_attachment='scroll' background_position='top left' background_repeat='no-repeat']

[/invio_cell_one_third][invio_cell_one_third vertical_align='top' padding='3px,0px,0px,0px' background_color='#88aeb3' src='' attachment='' attachment_size='' background_attachment='scroll' background_position='top left' background_repeat='no-repeat']

[/invio_cell_one_third][invio_cell_one_third vertical_align='top' padding='3px,0px,0px,0px' background_color='#697e81' src='' attachment='' attachment_size='' background_attachment='scroll' background_position='top left' background_repeat='no-repeat']

[/invio_cell_one_third]
[/invio_layout_row]

[invio_section min_height='' min_height_px='500px' padding='large' shadow='no-border-styling' bottom_border='no-border-styling' id='' color='main_color' custom_bg='' src='' attachment='' attachment_size='' attach='scroll' position='top left' repeat='no-repeat' video='' video_ratio='16:9' overlay_opacity='0.5' overlay_color='' overlay_pattern='' overlay_custom_pattern='']

[invio_one_fifth first min_height='invio-equal-height-column' vertical_alignment='invio-align-middle' space='no_margin' custom_margin='invioTBcustom_margin' margin='0px' margin_sync='true' padding='0px,20px,0px,0px' border='' border_color='' radius='0px' radius_sync='true' background_color='' src='' attachment='' attachment_size='' background_position='top left' background_repeat='no-repeat' animation='']

[invio_image src='http://www.thomascarter.net/themes/blackbox-resume/files/2016/02/logo-profile-1.jpg' attachment='116' attachment_size='full' align='left' styling='circle' hover='' link='lightbox' target='' caption='' font_size='' appearance='' overlay_opacity='0.4' overlay_color='#000000' overlay_text_color='#ffffff' animation='no-animation'][/invio_image]

[/invio_one_fifth][invio_three_fifth min_height='' vertical_alignment='invio-align-top' space='' margin='0px' margin_sync='true' padding='0px,20px,0px,0px' border='' border_color='' radius='0px' radius_sync='true' background_color='' src='' attachment='' attachment_size='' background_position='top left' background_repeat='no-repeat' animation='']

[invio_heading tag='h3' padding='0' heading='James T. Blackbox' color='' style='blockquote modern-quote' custom_font='' size='40' subheading_active='subheading_below' subheading_size='18' custom_class='']
iOS &amp; Android Developer
[/invio_heading]

[/invio_three_fifth][invio_one_fifth min_height='' vertical_alignment='' space='' custom_margin='' margin='0px' padding='0px' border='' border_color='' radius='0px' background_color='' src='' background_position='top left' background_repeat='no-repeat' animation='']

[invio_textblock size='13' font_color='' color='']
Email: <a href="mailto:me@at-blackbox.com">me@jt-blackbox.com</a>
Phone: <a href="tel:(555) 4167890">(555) 4167890</a>
Web: <a href="http://www.thomascarter.net">www.thomascarter.net</a>
[/invio_textblock]

[/invio_one_fifth][invio_hr class='big' height='50' shadow='no-shadow' position='center' custom_border='invio-border-thin' custom_width='50px' custom_border_color='' custom_margin_top='30px' custom_margin_bottom='30px' icon_select='yes' custom_icon_color='' icon='ue808' font='entypo-fontello']

[invio_one_third first min_height='' vertical_alignment='' space='' custom_margin='' margin='0px' padding='0px' border='' border_color='' radius='0px' background_color='' src='' background_position='top left' background_repeat='no-repeat' animation='']

[invio_hr class='invisible' height='-32' shadow='no-shadow' position='center' custom_border='invio-border-thin' custom_width='50px' custom_border_color='' custom_margin_top='30px' custom_margin_bottom='30px' icon_select='yes' custom_icon_color='' icon='ue808' font='entypo-fontello']

[invio_heading tag='h1' padding='0' heading='Introduction' color='' style='blockquote modern-quote' custom_font='' size='' subheading_active='' subheading_size='15' custom_class=''][/invio_heading]

[/invio_one_third][invio_two_third min_height='' vertical_alignment='invio-align-top' space='' margin='0px' margin_sync='true' padding='0px' padding_sync='true' border='' border_color='' radius='0px' radius_sync='true' background_color='' src='' attachment='' attachment_size='' background_position='top left' background_repeat='no-repeat' animation='fade-in']

[invio_textblock size='' font_color='' color='']
Donec pede justo, <strong>fringilla</strong> vel, aliquet nec, vulputate eget, arcu. In enim justo, rhoncus ut, imperdiet a, venenatis vitae, justo. Nullam dictum felis eu pede mollis pretium. Integer tincidunt. Cras dapibus.

Vivamus elementum semper nisi. Aenean vulputate eleifend tellus. Aenean leo ligula, porttitor eu, consequat vitae, eleifend ac, <strong>enim</strong>. Aliquam lorem ante, dapibus in, viverra quis, feugiat a, tellus.
[/invio_textblock]

[invio_image src='http://test.thomascarter.net/blackbox-cv/wp-content/uploads/sites/15/2016/02/signature-1.png' attachment='77' attachment_size='full' align='left' styling='no-styling' hover='' link='' target='' caption='' font_size='' appearance='' overlay_opacity='0.4' overlay_color='#000000' overlay_text_color='#ffffff' animation='no-animation'][/invio_image]

[/invio_two_third][invio_hr class='big' height='50' shadow='no-shadow' position='center' custom_border='invio-border-thin' custom_width='50px' custom_border_color='' custom_margin_top='30px' custom_margin_bottom='30px' icon_select='yes' custom_icon_color='' icon='ue808' font='entypo-fontello']

[invio_one_third first min_height='' vertical_alignment='' space='' custom_margin='' margin='0px' padding='0px' border='' border_color='' radius='0px' background_color='' src='' background_position='top left' background_repeat='no-repeat' animation='']

[invio_hr class='invisible' height='-32' shadow='no-shadow' position='center' custom_border='invio-border-thin' custom_width='50px' custom_border_color='' custom_margin_top='30px' custom_margin_bottom='30px' icon_select='yes' custom_icon_color='' icon='ue808' font='entypo-fontello']

[invio_heading tag='h1' padding='0' heading='Professional Profile' color='' style='blockquote modern-quote' custom_font='' size='' subheading_active='' subheading_size='15' custom_class=''][/invio_heading]

[/invio_one_third][invio_one_third min_height='' vertical_alignment='invio-align-top' space='' margin='0px' margin_sync='true' padding='0px' padding_sync='true' border='' border_color='' radius='0px' radius_sync='true' background_color='' src='' attachment='' attachment_size='' background_position='top left' background_repeat='no-repeat' animation='fade-in']

[invio_textblock size='' font_color='' color='']
Donec pede justo, <strong>fringilla</strong> vel, aliquet nec, vulputate eget, arcu. In enim justo, rhoncus ut, imperdiet a, venenatis vitae, justo. Nullam dictum felis eu pede mollis pretium. Integer tincidunt. Cras dapibus.
[/invio_textblock]

[/invio_one_third][invio_one_third min_height='' vertical_alignment='invio-align-top' space='' margin='0px' margin_sync='true' padding='0px' padding_sync='true' border='' border_color='' radius='0px' radius_sync='true' background_color='' src='' attachment='' attachment_size='' background_position='top left' background_repeat='no-repeat' animation='fade-in']

[invio_textblock size='' font_color='' color='']
Vivamus elementum semper nisi. Aenean vulputate eleifend tellus. Aenean leo ligula, porttitor eu, consequat vitae, eleifend ac, <strong>enim</strong>. Aliquam lorem ante, dapibus in, viverra quis, feugiat a, tellus.
[/invio_textblock]

[/invio_one_third][invio_hr class='big' height='50' shadow='no-shadow' position='center' custom_border='invio-border-thin' custom_width='50px' custom_border_color='' custom_margin_top='30px' custom_margin_bottom='30px' icon_select='yes' custom_icon_color='' icon='ue808' font='entypo-fontello']

[invio_one_third first min_height='' vertical_alignment='' space='' custom_margin='' margin='0px' padding='0px' border='' border_color='' radius='0px' background_color='' src='' background_position='top left' background_repeat='no-repeat' animation='']

[invio_heading tag='h1' padding='0' heading='Recent Work' color='' style='blockquote modern-quote' custom_font='' size='' subheading_active='' subheading_size='15' custom_class=''][/invio_heading]

[/invio_one_third][invio_two_third min_height='' vertical_alignment='' space='' custom_margin='' margin='0px' padding='0px' border='' border_color='' radius='0px' background_color='' src='' background_position='top left' background_repeat='no-repeat' animation='']

[invio_masonry_gallery ids='89,90,91,92' items='8' columns='2' paginate='none' size='fixed' gap='large' overlay_fx='active' caption_elements='none' caption_display='always' container_links='active' id='']

[/invio_two_third][invio_hr class='big' height='50' shadow='no-shadow' position='center' custom_border='invio-border-thin' custom_width='50px' custom_border_color='' custom_margin_top='30px' custom_margin_bottom='30px' icon_select='yes' custom_icon_color='' icon='ue808' font='entypo-fontello']

[invio_one_third first min_height='' vertical_alignment='' space='' custom_margin='' margin='0px' padding='0px' border='' border_color='' radius='0px' background_color='' src='' background_position='top left' background_repeat='no-repeat' animation='']

[invio_hr class='invisible' height='-28' shadow='no-shadow' position='center' custom_border='invio-border-thin' custom_width='50px' custom_border_color='' custom_margin_top='30px' custom_margin_bottom='30px' icon_select='yes' custom_icon_color='' icon='ue808' font='entypo-fontello']

[invio_heading tag='h1' padding='0' heading='Recent Jobs' color='' style='blockquote modern-quote' custom_font='' size='' subheading_active='' subheading_size='15' custom_class=''][/invio_heading]

[/invio_one_third][invio_two_third min_height='' vertical_alignment='invio-align-top' space='' margin='0px' margin_sync='true' padding='0px' padding_sync='true' border='' border_color='' radius='0px' radius_sync='true' background_color='' src='' attachment='' attachment_size='' background_position='top left' background_repeat='no-repeat' animation='fade-in']

[invio_heading tag='h1' padding='0' heading='Senior iOS Developer' color='' style='blockquote modern-quote' custom_font='' size='' subheading_active='subheading_above' subheading_size='15' custom_class='']
2015 - now
[/invio_heading]

[invio_textblock size='' font_color='' color='']
Donec pede justo, <strong>fringilla</strong> vel, aliquet nec, vulputate eget, arcu. In enim justo, rhoncus ut, imperdiet a, venenatis vitae, justo. Nullaollis pretium.
<ul>
    <li>Integer tincidunt. Cras dapibus.</li>
    <li>Vivamus elementum semper nisi.</li>
    <li>Aenean vulputate eleifend tellus.</li>
</ul>
[/invio_textblock]

[invio_hr class='custom' height='50' shadow='no-shadow' position='left' custom_border='invio-border-fat' custom_width='50px' custom_border_color='' custom_margin_top='10px' custom_margin_bottom='30px' icon_select='no' custom_icon_color='' icon='ue8bf' font='entypo-fontello']

[invio_heading tag='h1' padding='0' heading='Junior iOS Developer' color='' style='blockquote modern-quote' custom_font='' size='' subheading_active='subheading_above' subheading_size='15' custom_class='']
2012 - 2015
[/invio_heading]

[invio_textblock size='' font_color='' color='']
Aenean vulputate eleifend tellus. Donec pede justo, <strong>fringilla</strong> vel, aliquet nec, vulputate eget, arcu. In enim justo, rhoncus ut, imperdiet a, venenatis vitae, ju.
<ul>
    <li>Nullaollis pretium.</li>
    <li>Vivamus elementum semper nisi.</li>
</ul>
[/invio_textblock]

[invio_hr class='custom' height='50' shadow='no-shadow' position='left' custom_border='invio-border-fat' custom_width='50px' custom_border_color='' custom_margin_top='10px' custom_margin_bottom='30px' icon_select='no' custom_icon_color='' icon='ue8bf' font='entypo-fontello']

[invio_heading tag='h1' padding='0' heading=' iOS Trainee' color='' style='blockquote modern-quote' custom_font='' size='' subheading_active='subheading_above' subheading_size='15' custom_class='']
2008 - 2012
[/invio_heading]

[invio_textblock size='' font_color='' color='']
Donec pede justo, <strong>fringilla</strong> vel, aliquet nec, vulputate eget, arcu. In enim justo, rhoncus ut, imperdiet a, venenatis vitae, justo. Nullaollis pretium.
<ul>
    <li>Integer tincidunt. Cras dapibus.</li>
    <li>Vivamus elementum semper nisi.</li>
    <li>Aenean vulputate eleifend tellus.</li>
</ul>
[/invio_textblock]

[/invio_two_third][invio_hr class='big' height='50' shadow='no-shadow' position='center' custom_border='invio-border-thin' custom_width='50px' custom_border_color='' custom_margin_top='30px' custom_margin_bottom='30px' icon_select='yes' custom_icon_color='' icon='ue808' font='entypo-fontello']

[invio_one_third first min_height='' vertical_alignment='' space='' custom_margin='' margin='0px' padding='0px' border='' border_color='' radius='0px' background_color='' src='' background_position='top left' background_repeat='no-repeat' animation='']

[invio_hr class='invisible' height='-32' shadow='no-shadow' position='center' custom_border='invio-border-thin' custom_width='50px' custom_border_color='' custom_margin_top='30px' custom_margin_bottom='30px' icon_select='yes' custom_icon_color='' icon='ue808' font='entypo-fontello']

[invio_heading tag='h1' padding='0' heading='Skills' color='' style='blockquote modern-quote' custom_font='' size='' subheading_active='' subheading_size='15' custom_class=''][/invio_heading]

[/invio_one_third][invio_two_third min_height='' vertical_alignment='invio-align-top' space='' margin='0px' margin_sync='true' padding='0px' padding_sync='true' border='' border_color='' radius='0px' radius_sync='true' background_color='' src='' attachment='' attachment_size='' background_position='top left' background_repeat='no-repeat' animation='fade-in']

[invio_textblock size='' font_color='' color='']
Lorem ipsum dolor sit amet, consectetuer adipiscing elit. Aenean commodo ligula eget dolor. Aenean massa. Cum sociis natoque penatibus et magnis dis parturient montes, <strong>nascetur</strong> ridiculus mus.
[/invio_textblock]

[invio_progress bar_styling='invio-striped-bar' bar_animation='invio-animated-bar']
[invio_progress_bar title='iOS Development' progress='90' color='theme-color' icon_select='no' icon='43' font='entypo-fontello']
[invio_progress_bar title='Android Development' progress='80' color='theme-color' icon_select='no' icon='ue800' font='entypo-fontello']
[invio_progress_bar title='HTML &amp; CSS' progress='70' color='theme-color' icon_select='no' icon='ue800' font='entypo-fontello']
[invio_progress_bar title='Javascript' progress='70' color='theme-color' icon_select='no' icon='ue800' font='entypo-fontello']
[invio_progress_bar title='PHP' progress='60' color='theme-color' icon_select='no' icon='ue800' font='entypo-fontello']
[/invio_progress]

[/invio_two_third][invio_hr class='big' height='50' shadow='no-shadow' position='center' custom_border='invio-border-thin' custom_width='50px' custom_border_color='' custom_margin_top='30px' custom_margin_bottom='30px' icon_select='yes' custom_icon_color='' icon='ue808' font='entypo-fontello']

[invio_one_third first min_height='' vertical_alignment='' space='' custom_margin='' margin='0px' padding='0px' border='' border_color='' radius='0px' background_color='' src='' background_position='top left' background_repeat='no-repeat' animation='']

[invio_hr class='invisible' height='-28' shadow='no-shadow' position='center' custom_border='invio-border-thin' custom_width='50px' custom_border_color='' custom_margin_top='30px' custom_margin_bottom='30px' icon_select='yes' custom_icon_color='' icon='ue808' font='entypo-fontello']

[invio_heading tag='h1' padding='0' heading='Education' color='' style='blockquote modern-quote' custom_font='' size='' subheading_active='' subheading_size='15' custom_class=''][/invio_heading]

[/invio_one_third][invio_two_third min_height='' vertical_alignment='invio-align-top' space='' margin='0px' margin_sync='true' padding='0px' padding_sync='true' border='' border_color='' radius='0px' radius_sync='true' background_color='' src='' attachment='' attachment_size='' background_position='top left' background_repeat='no-repeat' animation='fade-in']

[invio_heading tag='h1' padding='0' heading='Some Ivy League College' color='' style='blockquote modern-quote' custom_font='' size='' subheading_active='subheading_above' subheading_size='15' custom_class='']
2004 - 2008
[/invio_heading]

[invio_textblock size='' font_color='' color='']
Donec pede justo, <strong>fringilla</strong> vel, aliquet nec, vulputate eget, arcu. In enim justo, rhoncus ut, imperdiet a, venenatis vitae, justo. Nullaollis pretium.
[/invio_textblock]

[invio_hr class='custom' height='50' shadow='no-shadow' position='left' custom_border='invio-border-fat' custom_width='50px' custom_border_color='' custom_margin_top='10px' custom_margin_bottom='30px' icon_select='no' custom_icon_color='' icon='ue8bf' font='entypo-fontello']

[invio_heading tag='h1' padding='0' heading='Some funky Highschool in Jersey' color='' style='blockquote modern-quote' custom_font='' size='' subheading_active='subheading_above' subheading_size='15' custom_class='']
2000 - 2004
[/invio_heading]

[invio_textblock size='' font_color='' color='']
Aenean vulputate eleifend tellus. Donec pede justo, <strong>fringilla</strong> vel, aliquet nec, vulputate eget, arcu. In enim justo, rhoncus ut, imperdiet a, venenatis vitae, ju.
[/invio_textblock]

[/invio_two_third][invio_hr class='big' height='50' shadow='no-shadow' position='center' custom_border='invio-border-thin' custom_width='50px' custom_border_color='' custom_margin_top='30px' custom_margin_bottom='30px' icon_select='yes' custom_icon_color='' icon='ue808' font='entypo-fontello']

[invio_one_third first min_height='' vertical_alignment='' space='' custom_margin='' margin='0px' padding='0px' border='' border_color='' radius='0px' background_color='' src='' background_position='top left' background_repeat='no-repeat' animation='']

[invio_hr class='invisible' height='-28' shadow='no-shadow' position='center' custom_border='invio-border-thin' custom_width='50px' custom_border_color='' custom_margin_top='30px' custom_margin_bottom='30px' icon_select='yes' custom_icon_color='' icon='ue808' font='entypo-fontello']

[invio_heading tag='h1' padding='0' heading='Social Media' color='' style='blockquote modern-quote' custom_font='' size='' subheading_active='' subheading_size='15' custom_class=''][/invio_heading]

[/invio_one_third][invio_one_fifth min_height='' vertical_alignment='' space='' custom_margin='' margin='0px' padding='0px' border='' border_color='' radius='0px' background_color='' src='' background_position='top left' background_repeat='no-repeat' animation='']

[invio_font_icon icon='ue8f3' font='entypo-fontello' style='border' caption='' link='manually,#' linktarget='' size='40px' position='center' color=''][/invio_font_icon]

[/invio_one_fifth][invio_one_fifth min_height='' vertical_alignment='' space='' custom_margin='' margin='0px' padding='0px' border='' border_color='' radius='0px' background_color='' src='' background_position='top left' background_repeat='no-repeat' animation='']

[invio_font_icon icon='ue8f1' font='entypo-fontello' style='border' caption='' link='manually,#' linktarget='' size='40px' position='center' color=''][/invio_font_icon]

[/invio_one_fifth][invio_one_fifth min_height='' vertical_alignment='' space='' custom_margin='' margin='0px' padding='0px' border='' border_color='' radius='0px' background_color='' src='' background_position='top left' background_repeat='no-repeat' animation='']

[invio_font_icon icon='ue8fc' font='entypo-fontello' style='border' caption='' link='manually,#' linktarget='' size='40px' position='center' color=''][/invio_font_icon]

[/invio_one_fifth][/invio_section][invio_google_map height='400px' zoom='16' saturation='-50' hue='#a0cdd2' zoom_control='invioTBzoom_control']
[invio_gmap_location address='5th Avenue' city='' country='New York' long='-73.96537339999998' lat='40.7747314' marker='112' imagesize='40' tooltip_display=''][/invio_gmap_location]
[/invio_google_map]]]></content:encoded>
        <excerpt:encoded><![CDATA[]]></excerpt:encoded>
        <wp:post_id>12</wp:post_id>
        <wp:post_date><![CDATA[2016-02-27 08:40:04]]></wp:post_date>
        <wp:post_date_gmt><![CDATA[2016-02-27 08:40:04]]></wp:post_date_gmt>
        <wp:comment_status><![CDATA[closed]]></wp:comment_status>
        <wp:ping_status><![CDATA[open]]></wp:ping_status>
        <wp:post_name><![CDATA[cv]]></wp:post_name>
        <wp:status><![CDATA[publish]]></wp:status>
        <wp:post_parent>0</wp:post_parent>
        <wp:menu_order>0</wp:menu_order>
        <wp:post_type><![CDATA[page]]></wp:post_type>
        <wp:post_password><![CDATA[]]></wp:post_password>
        <wp:is_sticky>0</wp:is_sticky>
        <wp:postmeta>
            <wp:meta_key><![CDATA[_wp_page_template]]></wp:meta_key>
            <wp:meta_value><![CDATA[default]]></wp:meta_value>
        </wp:postmeta>
        <wp:postmeta>
            <wp:meta_key><![CDATA[_invioLayoutBuilder_active]]></wp:meta_key>
            <wp:meta_value><![CDATA[active]]></wp:meta_value>
        </wp:postmeta>
        <wp:postmeta>
            <wp:meta_key><![CDATA[_invioLayoutBuilderCleanData]]></wp:meta_key>
            <wp:meta_value><![CDATA[[invio_layout_row border='' min_height='0' color='main_color' mobile='invio-fixed-cells' id='']
[invio_cell_one_third vertical_align='top' padding='3px,0px,0px,0px' background_color='#a0cdd2' src='' attachment='' attachment_size='' background_attachment='scroll' background_position='top left' background_repeat='no-repeat']

[/invio_cell_one_third][invio_cell_one_third vertical_align='top' padding='3px,0px,0px,0px' background_color='#88aeb3' src='' attachment='' attachment_size='' background_attachment='scroll' background_position='top left' background_repeat='no-repeat']

[/invio_cell_one_third][invio_cell_one_third vertical_align='top' padding='3px,0px,0px,0px' background_color='#697e81' src='' attachment='' attachment_size='' background_attachment='scroll' background_position='top left' background_repeat='no-repeat']

[/invio_cell_one_third]
[/invio_layout_row]

[invio_section min_height='' min_height_px='500px' padding='large' shadow='no-border-styling' bottom_border='no-border-styling' id='' color='main_color' custom_bg='' src='' attachment='' attachment_size='' attach='scroll' position='top left' repeat='no-repeat' video='' video_ratio='16:9' overlay_opacity='0.5' overlay_color='' overlay_pattern='' overlay_custom_pattern='']

[invio_one_fifth first min_height='invio-equal-height-column' vertical_alignment='invio-align-middle' space='no_margin' custom_margin='invioTBcustom_margin' margin='0px' margin_sync='true' padding='0px,20px,0px,0px' border='' border_color='' radius='0px' radius_sync='true' background_color='' src='' attachment='' attachment_size='' background_position='top left' background_repeat='no-repeat' animation='']

[invio_image src='http://www.thomascarter.net/themes/blackbox-resume/files/2016/02/logo-profile-1.jpg' attachment='116' attachment_size='full' align='left' styling='circle' hover='' link='lightbox' target='' caption='' font_size='' appearance='' overlay_opacity='0.4' overlay_color='#000000' overlay_text_color='#ffffff' animation='no-animation'][/invio_image]

[/invio_one_fifth][invio_three_fifth min_height='' vertical_alignment='invio-align-top' space='' margin='0px' margin_sync='true' padding='0px,20px,0px,0px' border='' border_color='' radius='0px' radius_sync='true' background_color='' src='' attachment='' attachment_size='' background_position='top left' background_repeat='no-repeat' animation='']

[invio_heading tag='h3' padding='0' heading='James T. Blackbox' color='' style='blockquote modern-quote' custom_font='' size='40' subheading_active='subheading_below' subheading_size='18' custom_class='']
iOS & Android Developer
[/invio_heading]

[/invio_three_fifth][invio_one_fifth min_height='' vertical_alignment='' space='' custom_margin='' margin='0px' padding='0px' border='' border_color='' radius='0px' background_color='' src='' background_position='top left' background_repeat='no-repeat' animation='']

[invio_textblock size='13' font_color='' color='']
Email: <a href="mailto:me@at-blackbox.com">me@jt-blackbox.com</a>
Phone: <a href="tel:(555) 4167890">(555) 4167890</a>
Web: <a href="http://www.thomascarter.net">www.thomascarter.net</a>
[/invio_textblock]

[/invio_one_fifth][invio_hr class='big' height='50' shadow='no-shadow' position='center' custom_border='invio-border-thin' custom_width='50px' custom_border_color='' custom_margin_top='30px' custom_margin_bottom='30px' icon_select='yes' custom_icon_color='' icon='ue808' font='entypo-fontello']

[invio_one_third first min_height='' vertical_alignment='' space='' custom_margin='' margin='0px' padding='0px' border='' border_color='' radius='0px' background_color='' src='' background_position='top left' background_repeat='no-repeat' animation='']

[invio_hr class='invisible' height='-32' shadow='no-shadow' position='center' custom_border='invio-border-thin' custom_width='50px' custom_border_color='' custom_margin_top='30px' custom_margin_bottom='30px' icon_select='yes' custom_icon_color='' icon='ue808' font='entypo-fontello']

[invio_heading tag='h1' padding='0' heading='Introduction' color='' style='blockquote modern-quote' custom_font='' size='' subheading_active='' subheading_size='15' custom_class=''][/invio_heading]

[/invio_one_third][invio_two_third min_height='' vertical_alignment='invio-align-top' space='' margin='0px' margin_sync='true' padding='0px' padding_sync='true' border='' border_color='' radius='0px' radius_sync='true' background_color='' src='' attachment='' attachment_size='' background_position='top left' background_repeat='no-repeat' animation='fade-in']

[invio_textblock size='' font_color='' color='']
Donec pede justo, <strong>fringilla</strong> vel, aliquet nec, vulputate eget, arcu. In enim justo, rhoncus ut, imperdiet a, venenatis vitae, justo. Nullam dictum felis eu pede mollis pretium. Integer tincidunt. Cras dapibus.

Vivamus elementum semper nisi. Aenean vulputate eleifend tellus. Aenean leo ligula, porttitor eu, consequat vitae, eleifend ac, <strong>enim</strong>. Aliquam lorem ante, dapibus in, viverra quis, feugiat a, tellus.
[/invio_textblock]

[invio_image src='http://test.thomascarter.net/blackbox-cv/wp-content/uploads/sites/15/2016/02/signature-1.png' attachment='77' attachment_size='full' align='left' styling='no-styling' hover='' link='' target='' caption='' font_size='' appearance='' overlay_opacity='0.4' overlay_color='#000000' overlay_text_color='#ffffff' animation='no-animation'][/invio_image]

[/invio_two_third][invio_hr class='big' height='50' shadow='no-shadow' position='center' custom_border='invio-border-thin' custom_width='50px' custom_border_color='' custom_margin_top='30px' custom_margin_bottom='30px' icon_select='yes' custom_icon_color='' icon='ue808' font='entypo-fontello']

[invio_one_third first min_height='' vertical_alignment='' space='' custom_margin='' margin='0px' padding='0px' border='' border_color='' radius='0px' background_color='' src='' background_position='top left' background_repeat='no-repeat' animation='']

[invio_hr class='invisible' height='-32' shadow='no-shadow' position='center' custom_border='invio-border-thin' custom_width='50px' custom_border_color='' custom_margin_top='30px' custom_margin_bottom='30px' icon_select='yes' custom_icon_color='' icon='ue808' font='entypo-fontello']

[invio_heading tag='h1' padding='0' heading='Professional Profile' color='' style='blockquote modern-quote' custom_font='' size='' subheading_active='' subheading_size='15' custom_class=''][/invio_heading]

[/invio_one_third][invio_one_third min_height='' vertical_alignment='invio-align-top' space='' margin='0px' margin_sync='true' padding='0px' padding_sync='true' border='' border_color='' radius='0px' radius_sync='true' background_color='' src='' attachment='' attachment_size='' background_position='top left' background_repeat='no-repeat' animation='fade-in']

[invio_textblock size='' font_color='' color='']
Donec pede justo, <strong>fringilla</strong> vel, aliquet nec, vulputate eget, arcu. In enim justo, rhoncus ut, imperdiet a, venenatis vitae, justo. Nullam dictum felis eu pede mollis pretium. Integer tincidunt. Cras dapibus.
[/invio_textblock]

[/invio_one_third][invio_one_third min_height='' vertical_alignment='invio-align-top' space='' margin='0px' margin_sync='true' padding='0px' padding_sync='true' border='' border_color='' radius='0px' radius_sync='true' background_color='' src='' attachment='' attachment_size='' background_position='top left' background_repeat='no-repeat' animation='fade-in']

[invio_textblock size='' font_color='' color='']
Vivamus elementum semper nisi. Aenean vulputate eleifend tellus. Aenean leo ligula, porttitor eu, consequat vitae, eleifend ac, <strong>enim</strong>. Aliquam lorem ante, dapibus in, viverra quis, feugiat a, tellus.
[/invio_textblock]

[/invio_one_third][invio_hr class='big' height='50' shadow='no-shadow' position='center' custom_border='invio-border-thin' custom_width='50px' custom_border_color='' custom_margin_top='30px' custom_margin_bottom='30px' icon_select='yes' custom_icon_color='' icon='ue808' font='entypo-fontello']

[invio_one_third first min_height='' vertical_alignment='' space='' custom_margin='' margin='0px' padding='0px' border='' border_color='' radius='0px' background_color='' src='' background_position='top left' background_repeat='no-repeat' animation='']

[invio_heading tag='h1' padding='0' heading='Recent Work' color='' style='blockquote modern-quote' custom_font='' size='' subheading_active='' subheading_size='15' custom_class=''][/invio_heading]

[/invio_one_third][invio_two_third min_height='' vertical_alignment='' space='' custom_margin='' margin='0px' padding='0px' border='' border_color='' radius='0px' background_color='' src='' background_position='top left' background_repeat='no-repeat' animation='']

[invio_masonry_gallery ids='89,90,91,92' items='8' columns='2' paginate='none' size='fixed' gap='large' overlay_fx='active' caption_elements='none' caption_display='always' container_links='active' id='']

[/invio_two_third][invio_hr class='big' height='50' shadow='no-shadow' position='center' custom_border='invio-border-thin' custom_width='50px' custom_border_color='' custom_margin_top='30px' custom_margin_bottom='30px' icon_select='yes' custom_icon_color='' icon='ue808' font='entypo-fontello']

[invio_one_third first min_height='' vertical_alignment='' space='' custom_margin='' margin='0px' padding='0px' border='' border_color='' radius='0px' background_color='' src='' background_position='top left' background_repeat='no-repeat' animation='']

[invio_hr class='invisible' height='-28' shadow='no-shadow' position='center' custom_border='invio-border-thin' custom_width='50px' custom_border_color='' custom_margin_top='30px' custom_margin_bottom='30px' icon_select='yes' custom_icon_color='' icon='ue808' font='entypo-fontello']

[invio_heading tag='h1' padding='0' heading='Recent Jobs' color='' style='blockquote modern-quote' custom_font='' size='' subheading_active='' subheading_size='15' custom_class=''][/invio_heading]

[/invio_one_third][invio_two_third min_height='' vertical_alignment='invio-align-top' space='' margin='0px' margin_sync='true' padding='0px' padding_sync='true' border='' border_color='' radius='0px' radius_sync='true' background_color='' src='' attachment='' attachment_size='' background_position='top left' background_repeat='no-repeat' animation='fade-in']

[invio_heading tag='h1' padding='0' heading='Senior iOS Developer' color='' style='blockquote modern-quote' custom_font='' size='' subheading_active='subheading_above' subheading_size='15' custom_class='']
2015 - now
[/invio_heading]

[invio_textblock size='' font_color='' color='']
Donec pede justo, <strong>fringilla</strong> vel, aliquet nec, vulputate eget, arcu. In enim justo, rhoncus ut, imperdiet a, venenatis vitae, justo. Nullaollis pretium.
<ul>
    <li>Integer tincidunt. Cras dapibus.</li>
    <li>Vivamus elementum semper nisi.</li>
    <li>Aenean vulputate eleifend tellus.</li>
</ul>
[/invio_textblock]

[invio_hr class='custom' height='50' shadow='no-shadow' position='left' custom_border='invio-border-fat' custom_width='50px' custom_border_color='' custom_margin_top='10px' custom_margin_bottom='30px' icon_select='no' custom_icon_color='' icon='ue8bf' font='entypo-fontello']

[invio_heading tag='h1' padding='0' heading='Junior iOS Developer' color='' style='blockquote modern-quote' custom_font='' size='' subheading_active='subheading_above' subheading_size='15' custom_class='']
2012 - 2015
[/invio_heading]

[invio_textblock size='' font_color='' color='']
Aenean vulputate eleifend tellus. Donec pede justo, <strong>fringilla</strong> vel, aliquet nec, vulputate eget, arcu. In enim justo, rhoncus ut, imperdiet a, venenatis vitae, ju.
<ul>
    <li>Nullaollis pretium.</li>
    <li>Vivamus elementum semper nisi.</li>
</ul>
[/invio_textblock]

[invio_hr class='custom' height='50' shadow='no-shadow' position='left' custom_border='invio-border-fat' custom_width='50px' custom_border_color='' custom_margin_top='10px' custom_margin_bottom='30px' icon_select='no' custom_icon_color='' icon='ue8bf' font='entypo-fontello']

[invio_heading tag='h1' padding='0' heading=' iOS Trainee' color='' style='blockquote modern-quote' custom_font='' size='' subheading_active='subheading_above' subheading_size='15' custom_class='']
2008 - 2012
[/invio_heading]

[invio_textblock size='' font_color='' color='']
Donec pede justo, <strong>fringilla</strong> vel, aliquet nec, vulputate eget, arcu. In enim justo, rhoncus ut, imperdiet a, venenatis vitae, justo. Nullaollis pretium.
<ul>
    <li>Integer tincidunt. Cras dapibus.</li>
    <li>Vivamus elementum semper nisi.</li>
    <li>Aenean vulputate eleifend tellus.</li>
</ul>
[/invio_textblock]

[/invio_two_third][invio_hr class='big' height='50' shadow='no-shadow' position='center' custom_border='invio-border-thin' custom_width='50px' custom_border_color='' custom_margin_top='30px' custom_margin_bottom='30px' icon_select='yes' custom_icon_color='' icon='ue808' font='entypo-fontello']

[invio_one_third first min_height='' vertical_alignment='' space='' custom_margin='' margin='0px' padding='0px' border='' border_color='' radius='0px' background_color='' src='' background_position='top left' background_repeat='no-repeat' animation='']

[invio_hr class='invisible' height='-32' shadow='no-shadow' position='center' custom_border='invio-border-thin' custom_width='50px' custom_border_color='' custom_margin_top='30px' custom_margin_bottom='30px' icon_select='yes' custom_icon_color='' icon='ue808' font='entypo-fontello']

[invio_heading tag='h1' padding='0' heading='Skills' color='' style='blockquote modern-quote' custom_font='' size='' subheading_active='' subheading_size='15' custom_class=''][/invio_heading]

[/invio_one_third][invio_two_third min_height='' vertical_alignment='invio-align-top' space='' margin='0px' margin_sync='true' padding='0px' padding_sync='true' border='' border_color='' radius='0px' radius_sync='true' background_color='' src='' attachment='' attachment_size='' background_position='top left' background_repeat='no-repeat' animation='fade-in']

[invio_textblock size='' font_color='' color='']
Lorem ipsum dolor sit amet, consectetuer adipiscing elit. Aenean commodo ligula eget dolor. Aenean massa. Cum sociis natoque penatibus et magnis dis parturient montes, <strong>nascetur</strong> ridiculus mus.
[/invio_textblock]

[invio_progress bar_styling='invio-striped-bar' bar_animation='invio-animated-bar']
[invio_progress_bar title='iOS Development' progress='90' color='theme-color' icon_select='no' icon='43' font='entypo-fontello']
[invio_progress_bar title='Android Development' progress='80' color='theme-color' icon_select='no' icon='ue800' font='entypo-fontello']
[invio_progress_bar title='HTML & CSS' progress='70' color='theme-color' icon_select='no' icon='ue800' font='entypo-fontello']
[invio_progress_bar title='Javascript' progress='70' color='theme-color' icon_select='no' icon='ue800' font='entypo-fontello']
[invio_progress_bar title='PHP' progress='60' color='theme-color' icon_select='no' icon='ue800' font='entypo-fontello']
[/invio_progress]

[/invio_two_third][invio_hr class='big' height='50' shadow='no-shadow' position='center' custom_border='invio-border-thin' custom_width='50px' custom_border_color='' custom_margin_top='30px' custom_margin_bottom='30px' icon_select='yes' custom_icon_color='' icon='ue808' font='entypo-fontello']

[invio_one_third first min_height='' vertical_alignment='' space='' custom_margin='' margin='0px' padding='0px' border='' border_color='' radius='0px' background_color='' src='' background_position='top left' background_repeat='no-repeat' animation='']

[invio_hr class='invisible' height='-28' shadow='no-shadow' position='center' custom_border='invio-border-thin' custom_width='50px' custom_border_color='' custom_margin_top='30px' custom_margin_bottom='30px' icon_select='yes' custom_icon_color='' icon='ue808' font='entypo-fontello']

[invio_heading tag='h1' padding='0' heading='Education' color='' style='blockquote modern-quote' custom_font='' size='' subheading_active='' subheading_size='15' custom_class=''][/invio_heading]

[/invio_one_third][invio_two_third min_height='' vertical_alignment='invio-align-top' space='' margin='0px' margin_sync='true' padding='0px' padding_sync='true' border='' border_color='' radius='0px' radius_sync='true' background_color='' src='' attachment='' attachment_size='' background_position='top left' background_repeat='no-repeat' animation='fade-in']

[invio_heading tag='h1' padding='0' heading='Some Ivy League College' color='' style='blockquote modern-quote' custom_font='' size='' subheading_active='subheading_above' subheading_size='15' custom_class='']
2004 - 2008
[/invio_heading]

[invio_textblock size='' font_color='' color='']
Donec pede justo, <strong>fringilla</strong> vel, aliquet nec, vulputate eget, arcu. In enim justo, rhoncus ut, imperdiet a, venenatis vitae, justo. Nullaollis pretium.
[/invio_textblock]

[invio_hr class='custom' height='50' shadow='no-shadow' position='left' custom_border='invio-border-fat' custom_width='50px' custom_border_color='' custom_margin_top='10px' custom_margin_bottom='30px' icon_select='no' custom_icon_color='' icon='ue8bf' font='entypo-fontello']

[invio_heading tag='h1' padding='0' heading='Some funky Highschool in Jersey' color='' style='blockquote modern-quote' custom_font='' size='' subheading_active='subheading_above' subheading_size='15' custom_class='']
2000 - 2004
[/invio_heading]

[invio_textblock size='' font_color='' color='']
Aenean vulputate eleifend tellus. Donec pede justo, <strong>fringilla</strong> vel, aliquet nec, vulputate eget, arcu. In enim justo, rhoncus ut, imperdiet a, venenatis vitae, ju.
[/invio_textblock]

[/invio_two_third][invio_hr class='big' height='50' shadow='no-shadow' position='center' custom_border='invio-border-thin' custom_width='50px' custom_border_color='' custom_margin_top='30px' custom_margin_bottom='30px' icon_select='yes' custom_icon_color='' icon='ue808' font='entypo-fontello']

[invio_one_third first min_height='' vertical_alignment='' space='' custom_margin='' margin='0px' padding='0px' border='' border_color='' radius='0px' background_color='' src='' background_position='top left' background_repeat='no-repeat' animation='']

[invio_hr class='invisible' height='-28' shadow='no-shadow' position='center' custom_border='invio-border-thin' custom_width='50px' custom_border_color='' custom_margin_top='30px' custom_margin_bottom='30px' icon_select='yes' custom_icon_color='' icon='ue808' font='entypo-fontello']

[invio_heading tag='h1' padding='0' heading='Social Media' color='' style='blockquote modern-quote' custom_font='' size='' subheading_active='' subheading_size='15' custom_class=''][/invio_heading]

[/invio_one_third][invio_one_fifth min_height='' vertical_alignment='' space='' custom_margin='' margin='0px' padding='0px' border='' border_color='' radius='0px' background_color='' src='' background_position='top left' background_repeat='no-repeat' animation='']

[invio_font_icon icon='ue8f3' font='entypo-fontello' style='border' caption='' link='manually,#' linktarget='' size='40px' position='center' color=''][/invio_font_icon]

[/invio_one_fifth][invio_one_fifth min_height='' vertical_alignment='' space='' custom_margin='' margin='0px' padding='0px' border='' border_color='' radius='0px' background_color='' src='' background_position='top left' background_repeat='no-repeat' animation='']

[invio_font_icon icon='ue8f1' font='entypo-fontello' style='border' caption='' link='manually,#' linktarget='' size='40px' position='center' color=''][/invio_font_icon]

[/invio_one_fifth][invio_one_fifth min_height='' vertical_alignment='' space='' custom_margin='' margin='0px' padding='0px' border='' border_color='' radius='0px' background_color='' src='' background_position='top left' background_repeat='no-repeat' animation='']

[invio_font_icon icon='ue8fc' font='entypo-fontello' style='border' caption='' link='manually,#' linktarget='' size='40px' position='center' color=''][/invio_font_icon]

[/invio_one_fifth][/invio_section][invio_google_map height='400px' zoom='16' saturation='-50' hue='#a0cdd2' zoom_control='invioTBzoom_control']
[invio_gmap_location address='5th Avenue' city='' country='New York' long='-73.96537339999998' lat='40.7747314' marker='112' imagesize='40' tooltip_display=''][/invio_gmap_location]
[/invio_google_map]

]]></wp:meta_value>
        </wp:postmeta>
        <wp:postmeta>
            <wp:meta_key><![CDATA[layout]]></wp:meta_key>
            <wp:meta_value><![CDATA[]]></wp:meta_value>
        </wp:postmeta>
        <wp:postmeta>
            <wp:meta_key><![CDATA[sidebar]]></wp:meta_key>
            <wp:meta_value><![CDATA[]]></wp:meta_value>
        </wp:postmeta>
        <wp:postmeta>
            <wp:meta_key><![CDATA[footer]]></wp:meta_key>
            <wp:meta_value><![CDATA[]]></wp:meta_value>
        </wp:postmeta>
        <wp:postmeta>
            <wp:meta_key><![CDATA[header_title_bar]]></wp:meta_key>
            <wp:meta_value><![CDATA[]]></wp:meta_value>
        </wp:postmeta>
        <wp:postmeta>
            <wp:meta_key><![CDATA[header_transparency]]></wp:meta_key>
            <wp:meta_value><![CDATA[header_transparent header_hidden ]]></wp:meta_value>
        </wp:postmeta>
        <wp:postmeta>
            <wp:meta_key><![CDATA[_invio_hide_featured_image]]></wp:meta_key>
            <wp:meta_value><![CDATA[0]]></wp:meta_value>
        </wp:postmeta>
        <wp:postmeta>
            <wp:meta_key><![CDATA[_invio_builder_shortcode_tree]]></wp:meta_key>
            <wp:meta_value><![CDATA[a:3:{i:0;a:3:{s:3:"tag";s:13:"invio_layout_row";s:7:"content";a:3:{i:0;a:3:{s:3:"tag";s:17:"invio_cell_one_third";s:7:"content";a:0:{}s:5:"index";i:1;}i:1;a:3:{s:3:"tag";s:17:"invio_cell_one_third";s:7:"content";a:0:{}s:5:"index";i:2;}i:2;a:3:{s:3:"tag";s:17:"invio_cell_one_third";s:7:"content";a:0:{}s:5:"index";i:3;}}s:5:"index";i:0;}i:1;a:3:{s:3:"tag";s:10:"invio_section";s:7:"content";a:27:{i:0;a:3:{s:3:"tag";s:12:"invio_one_fifth";s:7:"content";a:1:{i:0;a:3:{s:3:"tag";s:8:"invio_image";s:7:"content";a:0:{}s:5:"index";i:6;}}s:5:"index";i:5;}i:1;a:3:{s:3:"tag";s:14:"invio_three_fifth";s:7:"content";a:1:{i:0;a:3:{s:3:"tag";s:10:"invio_heading";s:7:"content";a:0:{}s:5:"index";i:8;}}s:5:"index";i:7;}i:2;a:3:{s:3:"tag";s:12:"invio_one_fifth";s:7:"content";a:1:{i:0;a:3:{s:3:"tag";s:12:"invio_textblock";s:7:"content";a:0:{}s:5:"index";i:10;}}s:5:"index";i:9;}i:3;a:3:{s:3:"tag";s:5:"invio_hr";s:7:"content";a:0:{}s:5:"index";i:11;}i:4;a:3:{s:3:"tag";s:12:"invio_one_third";s:7:"content";a:2:{i:0;a:3:{s:3:"tag";s:5:"invio_hr";s:7:"content";a:0:{}s:5:"index";i:13;}i:1;a:3:{s:3:"tag";s:10:"invio_heading";s:7:"content";a:0:{}s:5:"index";i:14;}}s:5:"index";i:12;}i:5;a:3:{s:3:"tag";s:12:"invio_two_third";s:7:"content";a:2:{i:0;a:3:{s:3:"tag";s:12:"invio_textblock";s:7:"content";a:0:{}s:5:"index";i:16;}i:1;a:3:{s:3:"tag";s:8:"invio_image";s:7:"content";a:0:{}s:5:"index";i:17;}}s:5:"index";i:15;}i:6;a:3:{s:3:"tag";s:5:"invio_hr";s:7:"content";a:0:{}s:5:"index";i:18;}i:7;a:3:{s:3:"tag";s:12:"invio_one_third";s:7:"content";a:2:{i:0;a:3:{s:3:"tag";s:5:"invio_hr";s:7:"content";a:0:{}s:5:"index";i:20;}i:1;a:3:{s:3:"tag";s:10:"invio_heading";s:7:"content";a:0:{}s:5:"index";i:21;}}s:5:"index";i:19;}i:8;a:3:{s:3:"tag";s:12:"invio_one_third";s:7:"content";a:1:{i:0;a:3:{s:3:"tag";s:12:"invio_textblock";s:7:"content";a:0:{}s:5:"index";i:23;}}s:5:"index";i:22;}i:9;a:3:{s:3:"tag";s:12:"invio_one_third";s:7:"content";a:1:{i:0;a:3:{s:3:"tag";s:12:"invio_textblock";s:7:"content";a:0:{}s:5:"index";i:25;}}s:5:"index";i:24;}i:10;a:3:{s:3:"tag";s:5:"invio_hr";s:7:"content";a:0:{}s:5:"index";i:26;}i:11;a:3:{s:3:"tag";s:12:"invio_one_third";s:7:"content";a:1:{i:0;a:3:{s:3:"tag";s:10:"invio_heading";s:7:"content";a:0:{}s:5:"index";i:28;}}s:5:"index";i:27;}i:12;a:3:{s:3:"tag";s:12:"invio_two_third";s:7:"content";a:1:{i:0;a:3:{s:3:"tag";s:18:"invio_masonry_gallery";s:7:"content";a:0:{}s:5:"index";i:30;}}s:5:"index";i:29;}i:13;a:3:{s:3:"tag";s:5:"invio_hr";s:7:"content";a:0:{}s:5:"index";i:31;}i:14;a:3:{s:3:"tag";s:12:"invio_one_third";s:7:"content";a:2:{i:0;a:3:{s:3:"tag";s:5:"invio_hr";s:7:"content";a:0:{}s:5:"index";i:33;}i:1;a:3:{s:3:"tag";s:10:"invio_heading";s:7:"content";a:0:{}s:5:"index";i:34;}}s:5:"index";i:32;}i:15;a:3:{s:3:"tag";s:12:"invio_two_third";s:7:"content";a:8:{i:0;a:3:{s:3:"tag";s:10:"invio_heading";s:7:"content";a:0:{}s:5:"index";i:36;}i:1;a:3:{s:3:"tag";s:12:"invio_textblock";s:7:"content";a:0:{}s:5:"index";i:37;}i:2;a:3:{s:3:"tag";s:5:"invio_hr";s:7:"content";a:0:{}s:5:"index";i:38;}i:3;a:3:{s:3:"tag";s:10:"invio_heading";s:7:"content";a:0:{}s:5:"index";i:39;}i:4;a:3:{s:3:"tag";s:12:"invio_textblock";s:7:"content";a:0:{}s:5:"index";i:40;}i:5;a:3:{s:3:"tag";s:5:"invio_hr";s:7:"content";a:0:{}s:5:"index";i:41;}i:6;a:3:{s:3:"tag";s:10:"invio_heading";s:7:"content";a:0:{}s:5:"index";i:42;}i:7;a:3:{s:3:"tag";s:12:"invio_textblock";s:7:"content";a:0:{}s:5:"index";i:43;}}s:5:"index";i:35;}i:16;a:3:{s:3:"tag";s:5:"invio_hr";s:7:"content";a:0:{}s:5:"index";i:44;}i:17;a:3:{s:3:"tag";s:12:"invio_one_third";s:7:"content";a:2:{i:0;a:3:{s:3:"tag";s:5:"invio_hr";s:7:"content";a:0:{}s:5:"index";i:46;}i:1;a:3:{s:3:"tag";s:10:"invio_heading";s:7:"content";a:0:{}s:5:"index";i:47;}}s:5:"index";i:45;}i:18;a:3:{s:3:"tag";s:12:"invio_two_third";s:7:"content";a:2:{i:0;a:3:{s:3:"tag";s:12:"invio_textblock";s:7:"content";a:0:{}s:5:"index";i:49;}i:1;a:3:{s:3:"tag";s:11:"invio_progress";s:7:"content";a:0:{}s:5:"index";i:50;}}s:5:"index";i:48;}i:19;a:3:{s:3:"tag";s:5:"invio_hr";s:7:"content";a:0:{}s:5:"index";i:51;}i:20;a:3:{s:3:"tag";s:12:"invio_one_third";s:7:"content";a:2:{i:0;a:3:{s:3:"tag";s:5:"invio_hr";s:7:"content";a:0:{}s:5:"index";i:53;}i:1;a:3:{s:3:"tag";s:10:"invio_heading";s:7:"content";a:0:{}s:5:"index";i:54;}}s:5:"index";i:52;}i:21;a:3:{s:3:"tag";s:12:"invio_two_third";s:7:"content";a:5:{i:0;a:3:{s:3:"tag";s:10:"invio_heading";s:7:"content";a:0:{}s:5:"index";i:56;}i:1;a:3:{s:3:"tag";s:12:"invio_textblock";s:7:"content";a:0:{}s:5:"index";i:57;}i:2;a:3:{s:3:"tag";s:5:"invio_hr";s:7:"content";a:0:{}s:5:"index";i:58;}i:3;a:3:{s:3:"tag";s:10:"invio_heading";s:7:"content";a:0:{}s:5:"index";i:59;}i:4;a:3:{s:3:"tag";s:12:"invio_textblock";s:7:"content";a:0:{}s:5:"index";i:60;}}s:5:"index";i:55;}i:22;a:3:{s:3:"tag";s:5:"invio_hr";s:7:"content";a:0:{}s:5:"index";i:61;}i:23;a:3:{s:3:"tag";s:12:"invio_one_third";s:7:"content";a:2:{i:0;a:3:{s:3:"tag";s:5:"invio_hr";s:7:"content";a:0:{}s:5:"index";i:63;}i:1;a:3:{s:3:"tag";s:10:"invio_heading";s:7:"content";a:0:{}s:5:"index";i:64;}}s:5:"index";i:62;}i:24;a:3:{s:3:"tag";s:12:"invio_one_fifth";s:7:"content";a:1:{i:0;a:3:{s:3:"tag";s:12:"invio_font_icon";s:7:"content";a:0:{}s:5:"index";i:66;}}s:5:"index";i:65;}i:25;a:3:{s:3:"tag";s:12:"invio_one_fifth";s:7:"content";a:1:{i:0;a:3:{s:3:"tag";s:12:"invio_font_icon";s:7:"content";a:0:{}s:5:"index";i:68;}}s:5:"index";i:67;}i:26;a:3:{s:3:"tag";s:12:"invio_one_fifth";s:7:"content";a:1:{i:0;a:3:{s:3:"tag";s:12:"invio_font_icon";s:7:"content";a:0:{}s:5:"index";i:70;}}s:5:"index";i:69;}}s:5:"index";i:4;}i:2;a:3:{s:3:"tag";s:13:"invio_google_map";s:7:"content";a:0:{}s:5:"index";i:71;}}]]></wp:meta_value>
        </wp:postmeta>
        <wp:postmeta>
            <wp:meta_key><![CDATA[_edit_last]]></wp:meta_key>
            <wp:meta_value><![CDATA[1]]></wp:meta_value>
        </wp:postmeta>
    </item>
    <item>
        <title>invio_logo</title>
        <link>http://www.thomascarter.net/themes/blackbox-resume/?post_type=invio_framework_post&#038;p=13</link>
        <pubDate>Wed, 30 Nov -0001 00:00:00 +0000</pubDate>
        <dc:creator><![CDATA[Thomas Carter]]></dc:creator>
        <guid isPermaLink="false">http://test.thomascarter.net/blackbox-cv/?post_type=invio_framework_post&#038;p=4</guid>
        <description></description>
        <content:encoded><![CDATA[]]></content:encoded>
        <excerpt:encoded><![CDATA[]]></excerpt:encoded>
        <wp:post_id>13</wp:post_id>
        <wp:post_date><![CDATA[2016-02-27 08:40:36]]></wp:post_date>
        <wp:post_date_gmt><![CDATA[0000-00-00 00:00:00]]></wp:post_date_gmt>
        <wp:comment_status><![CDATA[closed]]></wp:comment_status>
        <wp:ping_status><![CDATA[closed]]></wp:ping_status>
        <wp:post_name><![CDATA[]]></wp:post_name>
        <wp:status><![CDATA[draft]]></wp:status>
        <wp:post_parent>0</wp:post_parent>
        <wp:menu_order>0</wp:menu_order>
        <wp:post_type><![CDATA[invio_framework_post]]></wp:post_type>
        <wp:post_password><![CDATA[]]></wp:post_password>
        <wp:is_sticky>0</wp:is_sticky>
    </item>
    <item>
        <title>invio_favicon</title>
        <link>http://www.thomascarter.net/themes/blackbox-resume/?post_type=invio_framework_post&#038;p=14</link>
        <pubDate>Wed, 30 Nov -0001 00:00:00 +0000</pubDate>
        <dc:creator><![CDATA[Thomas Carter]]></dc:creator>
        <guid isPermaLink="false">http://test.thomascarter.net/blackbox-cv/?post_type=invio_framework_post&#038;p=5</guid>
        <description></description>
        <content:encoded><![CDATA[]]></content:encoded>
        <excerpt:encoded><![CDATA[]]></excerpt:encoded>
        <wp:post_id>14</wp:post_id>
        <wp:post_date><![CDATA[2016-02-27 08:40:36]]></wp:post_date>
        <wp:post_date_gmt><![CDATA[0000-00-00 00:00:00]]></wp:post_date_gmt>
        <wp:comment_status><![CDATA[closed]]></wp:comment_status>
        <wp:ping_status><![CDATA[closed]]></wp:ping_status>
        <wp:post_name><![CDATA[]]></wp:post_name>
        <wp:status><![CDATA[draft]]></wp:status>
        <wp:post_parent>0</wp:post_parent>
        <wp:menu_order>0</wp:menu_order>
        <wp:post_type><![CDATA[invio_framework_post]]></wp:post_type>
        <wp:post_password><![CDATA[]]></wp:post_password>
        <wp:is_sticky>0</wp:is_sticky>
    </item>
    <item>
        <title>invio_custom_logo_for_preloader</title>
        <link>http://www.thomascarter.net/themes/blackbox-resume/?post_type=invio_framework_post&#038;p=15</link>
        <pubDate>Wed, 30 Nov -0001 00:00:00 +0000</pubDate>
        <dc:creator><![CDATA[Thomas Carter]]></dc:creator>
        <guid isPermaLink="false">http://test.thomascarter.net/blackbox-cv/?post_type=invio_framework_post&#038;p=6</guid>
        <description></description>
        <content:encoded><![CDATA[]]></content:encoded>
        <excerpt:encoded><![CDATA[]]></excerpt:encoded>
        <wp:post_id>15</wp:post_id>
        <wp:post_date><![CDATA[2016-02-27 08:40:36]]></wp:post_date>
        <wp:post_date_gmt><![CDATA[0000-00-00 00:00:00]]></wp:post_date_gmt>
        <wp:comment_status><![CDATA[closed]]></wp:comment_status>
        <wp:ping_status><![CDATA[closed]]></wp:ping_status>
        <wp:post_name><![CDATA[]]></wp:post_name>
        <wp:status><![CDATA[draft]]></wp:status>
        <wp:post_parent>0</wp:post_parent>
        <wp:menu_order>0</wp:menu_order>
        <wp:post_type><![CDATA[invio_framework_post]]></wp:post_type>
        <wp:post_password><![CDATA[]]></wp:post_password>
        <wp:is_sticky>0</wp:is_sticky>
    </item>
    <item>
        <title>invio_custom_background_image</title>
        <link>http://www.thomascarter.net/themes/blackbox-resume/?post_type=invio_framework_post&#038;p=16</link>
        <pubDate>Wed, 30 Nov -0001 00:00:00 +0000</pubDate>
        <dc:creator><![CDATA[Thomas Carter]]></dc:creator>
        <guid isPermaLink="false">http://test.thomascarter.net/blackbox-cv/?post_type=invio_framework_post&#038;p=7</guid>
        <description></description>
        <content:encoded><![CDATA[]]></content:encoded>
        <excerpt:encoded><![CDATA[]]></excerpt:encoded>
        <wp:post_id>16</wp:post_id>
        <wp:post_date><![CDATA[2016-02-27 08:40:36]]></wp:post_date>
        <wp:post_date_gmt><![CDATA[0000-00-00 00:00:00]]></wp:post_date_gmt>
        <wp:comment_status><![CDATA[closed]]></wp:comment_status>
        <wp:ping_status><![CDATA[closed]]></wp:ping_status>
        <wp:post_name><![CDATA[]]></wp:post_name>
        <wp:status><![CDATA[draft]]></wp:status>
        <wp:post_parent>0</wp:post_parent>
        <wp:menu_order>0</wp:menu_order>
        <wp:post_type><![CDATA[invio_framework_post]]></wp:post_type>
        <wp:post_password><![CDATA[]]></wp:post_password>
        <wp:is_sticky>0</wp:is_sticky>
    </item>
    <item>
        <title>invio_transparency_logo</title>
        <link>http://www.thomascarter.net/themes/blackbox-resume/?post_type=invio_framework_post&#038;p=17</link>
        <pubDate>Wed, 30 Nov -0001 00:00:00 +0000</pubDate>
        <dc:creator><![CDATA[Thomas Carter]]></dc:creator>
        <guid isPermaLink="false">http://test.thomascarter.net/blackbox-cv/?post_type=invio_framework_post&#038;p=8</guid>
        <description></description>
        <content:encoded><![CDATA[]]></content:encoded>
        <excerpt:encoded><![CDATA[]]></excerpt:encoded>
        <wp:post_id>17</wp:post_id>
        <wp:post_date><![CDATA[2016-02-27 08:40:36]]></wp:post_date>
        <wp:post_date_gmt><![CDATA[0000-00-00 00:00:00]]></wp:post_date_gmt>
        <wp:comment_status><![CDATA[closed]]></wp:comment_status>
        <wp:ping_status><![CDATA[closed]]></wp:ping_status>
        <wp:post_name><![CDATA[]]></wp:post_name>
        <wp:status><![CDATA[draft]]></wp:status>
        <wp:post_parent>0</wp:post_parent>
        <wp:menu_order>0</wp:menu_order>
        <wp:post_type><![CDATA[invio_framework_post]]></wp:post_type>
        <wp:post_password><![CDATA[]]></wp:post_password>
        <wp:is_sticky>0</wp:is_sticky>
    </item>
    <item>
        <title>invio_template_builder_snippets</title>
        <link>http://www.thomascarter.net/themes/blackbox-resume/?post_type=invio_framework_post&#038;p=18</link>
        <pubDate>Wed, 30 Nov -0001 00:00:00 +0000</pubDate>
        <dc:creator><![CDATA[Thomas Carter]]></dc:creator>
        <guid isPermaLink="false">http://test.thomascarter.net/blackbox-cv/?post_type=invio_framework_post&#038;p=9</guid>
        <description></description>
        <content:encoded><![CDATA[]]></content:encoded>
        <excerpt:encoded><![CDATA[]]></excerpt:encoded>
        <wp:post_id>18</wp:post_id>
        <wp:post_date><![CDATA[2016-02-27 08:43:28]]></wp:post_date>
        <wp:post_date_gmt><![CDATA[0000-00-00 00:00:00]]></wp:post_date_gmt>
        <wp:comment_status><![CDATA[closed]]></wp:comment_status>
        <wp:ping_status><![CDATA[closed]]></wp:ping_status>
        <wp:post_name><![CDATA[]]></wp:post_name>
        <wp:status><![CDATA[draft]]></wp:status>
        <wp:post_parent>0</wp:post_parent>
        <wp:menu_order>0</wp:menu_order>
        <wp:post_type><![CDATA[invio_framework_post]]></wp:post_type>
        <wp:post_password><![CDATA[]]></wp:post_password>
        <wp:is_sticky>0</wp:is_sticky>
    </item>
    <item>
        <title>Thats me</title>
        <link>http://www.thomascarter.net/themes/blackbox-resume/cv/logo-profile-2/</link>
        <pubDate>Fri, 18 Mar 2016 12:58:01 +0000</pubDate>
        <dc:creator><![CDATA[Thomas Carter]]></dc:creator>
        <guid isPermaLink="false">http://www.thomascarter.net/themes/blackbox-resume/files/2016/02/logo-profile-1.jpg</guid>
        <description></description>
        <content:encoded><![CDATA[]]></content:encoded>
        <excerpt:encoded><![CDATA[]]></excerpt:encoded>
        <wp:post_id>116</wp:post_id>
        <wp:post_date><![CDATA[2016-03-18 12:58:01]]></wp:post_date>
        <wp:post_date_gmt><![CDATA[2016-03-18 12:58:01]]></wp:post_date_gmt>
        <wp:comment_status><![CDATA[open]]></wp:comment_status>
        <wp:ping_status><![CDATA[closed]]></wp:ping_status>
        <wp:post_name><![CDATA[logo-profile-2]]></wp:post_name>
        <wp:status><![CDATA[inherit]]></wp:status>
        <wp:post_parent>12</wp:post_parent>
        <wp:menu_order>0</wp:menu_order>
        <wp:post_type><![CDATA[attachment]]></wp:post_type>
        <wp:post_password><![CDATA[]]></wp:post_password>
        <wp:is_sticky>0</wp:is_sticky>
        <wp:attachment_url><![CDATA[http://www.thomascarter.net/themes/blackbox-resume/files/2016/02/logo-profile-1.jpg]]></wp:attachment_url>
        <wp:postmeta>
            <wp:meta_key><![CDATA[_wp_attached_file]]></wp:meta_key>
            <wp:meta_value><![CDATA[2016/02/logo-profile-1.jpg]]></wp:meta_value>
        </wp:postmeta>
        <wp:postmeta>
            <wp:meta_key><![CDATA[_wp_attachment_metadata]]></wp:meta_key>
            <wp:meta_value><![CDATA[a:5:{s:5:"width";i:600;s:6:"height";i:600;s:4:"file";s:26:"2016/02/logo-profile-1.jpg";s:5:"sizes";a:13:{s:9:"thumbnail";a:4:{s:4:"file";s:24:"logo-profile-1-80x80.jpg";s:5:"width";i:80;s:6:"height";i:80;s:9:"mime-type";s:10:"image/jpeg";}s:6:"medium";a:4:{s:4:"file";s:26:"logo-profile-1-300x300.jpg";s:5:"width";i:300;s:6:"height";i:300;s:9:"mime-type";s:10:"image/jpeg";}s:6:"widget";a:4:{s:4:"file";s:24:"logo-profile-1-36x36.jpg";s:5:"width";i:36;s:6:"height";i:36;s:9:"mime-type";s:10:"image/jpeg";}s:6:"square";a:4:{s:4:"file";s:26:"logo-profile-1-180x180.jpg";s:5:"width";i:180;s:6:"height";i:180;s:9:"mime-type";s:10:"image/jpeg";}s:8:"featured";a:4:{s:4:"file";s:26:"logo-profile-1-600x430.jpg";s:5:"width";i:600;s:6:"height";i:430;s:9:"mime-type";s:10:"image/jpeg";}s:9:"portfolio";a:4:{s:4:"file";s:26:"logo-profile-1-495x400.jpg";s:5:"width";i:495;s:6:"height";i:400;s:9:"mime-type";s:10:"image/jpeg";}s:15:"portfolio_small";a:4:{s:4:"file";s:26:"logo-profile-1-260x185.jpg";s:5:"width";i:260;s:6:"height";i:185;s:9:"mime-type";s:10:"image/jpeg";}s:8:"magazine";a:4:{s:4:"file";s:26:"logo-profile-1-600x375.jpg";s:5:"width";i:600;s:6:"height";i:375;s:9:"mime-type";s:10:"image/jpeg";}s:18:"entry_with_sidebar";a:4:{s:4:"file";s:26:"logo-profile-1-600x321.jpg";s:5:"width";i:600;s:6:"height";i:321;s:9:"mime-type";s:10:"image/jpeg";}s:21:"entry_without_sidebar";a:4:{s:4:"file";s:26:"logo-profile-1-600x423.jpg";s:5:"width";i:600;s:6:"height";i:423;s:9:"mime-type";s:10:"image/jpeg";}s:14:"shop_thumbnail";a:4:{s:4:"file";s:26:"logo-profile-1-120x120.jpg";s:5:"width";i:120;s:6:"height";i:120;s:9:"mime-type";s:10:"image/jpeg";}s:12:"shop_catalog";a:4:{s:4:"file";s:26:"logo-profile-1-450x450.jpg";s:5:"width";i:450;s:6:"height";i:450;s:9:"mime-type";s:10:"image/jpeg";}s:11:"shop_single";a:4:{s:4:"file";s:26:"logo-profile-1-450x450.jpg";s:5:"width";i:450;s:6:"height";i:450;s:9:"mime-type";s:10:"image/jpeg";}}s:10:"image_meta";a:12:{s:8:"aperture";s:1:"0";s:6:"credit";s:0:"";s:6:"camera";s:0:"";s:7:"caption";s:0:"";s:17:"created_timestamp";s:1:"0";s:9:"copyright";s:0:"";s:12:"focal_length";s:1:"0";s:3:"iso";s:1:"0";s:13:"shutter_speed";s:1:"0";s:5:"title";s:0:"";s:11:"orientation";s:1:"0";s:8:"keywords";a:0:{}}}]]></wp:meta_value>
        </wp:postmeta>
    </item>
    <item>
        <title>signature</title>
        <link>http://www.thomascarter.net/themes/blackbox-resume/cv/signature-2/</link>
        <pubDate>Sat, 27 Feb 2016 10:27:09 +0000</pubDate>
        <dc:creator><![CDATA[Thomas Carter]]></dc:creator>
        <guid isPermaLink="false">http://www.thomascarter.net/themes/blackbox-resume/files/2016/02/signature-1.png</guid>
        <description></description>
        <content:encoded><![CDATA[]]></content:encoded>
        <excerpt:encoded><![CDATA[]]></excerpt:encoded>
        <wp:post_id>77</wp:post_id>
        <wp:post_date><![CDATA[2016-02-27 10:27:09]]></wp:post_date>
        <wp:post_date_gmt><![CDATA[2016-02-27 10:27:09]]></wp:post_date_gmt>
        <wp:comment_status><![CDATA[open]]></wp:comment_status>
        <wp:ping_status><![CDATA[closed]]></wp:ping_status>
        <wp:post_name><![CDATA[signature-2]]></wp:post_name>
        <wp:status><![CDATA[inherit]]></wp:status>
        <wp:post_parent>12</wp:post_parent>
        <wp:menu_order>0</wp:menu_order>
        <wp:post_type><![CDATA[attachment]]></wp:post_type>
        <wp:post_password><![CDATA[]]></wp:post_password>
        <wp:is_sticky>0</wp:is_sticky>
        <wp:attachment_url><![CDATA[http://www.thomascarter.net/themes/blackbox-resume/files/2016/02/signature-1.png]]></wp:attachment_url>
        <wp:postmeta>
            <wp:meta_key><![CDATA[_wp_attached_file]]></wp:meta_key>
            <wp:meta_value><![CDATA[2016/02/signature-1.png]]></wp:meta_value>
        </wp:postmeta>
        <wp:postmeta>
            <wp:meta_key><![CDATA[_wp_attachment_metadata]]></wp:meta_key>
            <wp:meta_value><![CDATA[a:5:{s:5:"width";i:200;s:6:"height";i:74;s:4:"file";s:23:"2016/02/signature-1.png";s:5:"sizes";a:4:{s:9:"thumbnail";a:4:{s:4:"file";s:21:"signature-1-80x74.png";s:5:"width";i:80;s:6:"height";i:74;s:9:"mime-type";s:9:"image/png";}s:6:"widget";a:4:{s:4:"file";s:21:"signature-1-36x36.png";s:5:"width";i:36;s:6:"height";i:36;s:9:"mime-type";s:9:"image/png";}s:6:"square";a:4:{s:4:"file";s:22:"signature-1-180x74.png";s:5:"width";i:180;s:6:"height";i:74;s:9:"mime-type";s:9:"image/png";}s:14:"shop_thumbnail";a:4:{s:4:"file";s:22:"signature-1-120x74.png";s:5:"width";i:120;s:6:"height";i:74;s:9:"mime-type";s:9:"image/png";}}s:10:"image_meta";a:12:{s:8:"aperture";s:1:"0";s:6:"credit";s:0:"";s:6:"camera";s:0:"";s:7:"caption";s:0:"";s:17:"created_timestamp";s:1:"0";s:9:"copyright";s:0:"";s:12:"focal_length";s:1:"0";s:3:"iso";s:1:"0";s:13:"shutter_speed";s:1:"0";s:5:"title";s:0:"";s:11:"orientation";s:1:"0";s:8:"keywords";a:0:{}}}]]></wp:meta_value>
        </wp:postmeta>
    </item>
    <item>
        <title>Mogaba iOS App</title>
        <link>http://www.thomascarter.net/themes/blackbox-resume/cv/app1/</link>
        <pubDate>Sat, 27 Feb 2016 13:51:06 +0000</pubDate>
        <dc:creator><![CDATA[Thomas Carter]]></dc:creator>
        <guid isPermaLink="false">http://www.thomascarter.net/themes/blackbox-resume/files/2016/02/app1.jpg</guid>
        <description></description>
        <content:encoded><![CDATA[]]></content:encoded>
        <excerpt:encoded><![CDATA[]]></excerpt:encoded>
        <wp:post_id>89</wp:post_id>
        <wp:post_date><![CDATA[2016-02-27 13:51:06]]></wp:post_date>
        <wp:post_date_gmt><![CDATA[2016-02-27 13:51:06]]></wp:post_date_gmt>
        <wp:comment_status><![CDATA[open]]></wp:comment_status>
        <wp:ping_status><![CDATA[closed]]></wp:ping_status>
        <wp:post_name><![CDATA[app1]]></wp:post_name>
        <wp:status><![CDATA[inherit]]></wp:status>
        <wp:post_parent>12</wp:post_parent>
        <wp:menu_order>0</wp:menu_order>
        <wp:post_type><![CDATA[attachment]]></wp:post_type>
        <wp:post_password><![CDATA[]]></wp:post_password>
        <wp:is_sticky>0</wp:is_sticky>
        <wp:attachment_url><![CDATA[http://www.thomascarter.net/themes/blackbox-resume/files/2016/02/app1.jpg]]></wp:attachment_url>
        <wp:postmeta>
            <wp:meta_key><![CDATA[_wp_attached_file]]></wp:meta_key>
            <wp:meta_value><![CDATA[2016/02/app1.jpg]]></wp:meta_value>
        </wp:postmeta>
        <wp:postmeta>
            <wp:meta_key><![CDATA[_wp_attachment_metadata]]></wp:meta_key>
            <wp:meta_value><![CDATA[a:5:{s:5:"width";i:900;s:6:"height";i:900;s:4:"file";s:16:"2016/02/app1.jpg";s:5:"sizes";a:17:{s:9:"thumbnail";a:4:{s:4:"file";s:14:"app1-80x80.jpg";s:5:"width";i:80;s:6:"height";i:80;s:9:"mime-type";s:10:"image/jpeg";}s:6:"medium";a:4:{s:4:"file";s:16:"app1-300x300.jpg";s:5:"width";i:300;s:6:"height";i:300;s:9:"mime-type";s:10:"image/jpeg";}s:12:"medium_large";a:4:{s:4:"file";s:16:"app1-768x768.jpg";s:5:"width";i:768;s:6:"height";i:768;s:9:"mime-type";s:10:"image/jpeg";}s:6:"widget";a:4:{s:4:"file";s:14:"app1-36x36.jpg";s:5:"width";i:36;s:6:"height";i:36;s:9:"mime-type";s:10:"image/jpeg";}s:6:"square";a:4:{s:4:"file";s:16:"app1-180x180.jpg";s:5:"width";i:180;s:6:"height";i:180;s:9:"mime-type";s:10:"image/jpeg";}s:8:"featured";a:4:{s:4:"file";s:16:"app1-900x430.jpg";s:5:"width";i:900;s:6:"height";i:430;s:9:"mime-type";s:10:"image/jpeg";}s:14:"featured_large";a:4:{s:4:"file";s:16:"app1-900x630.jpg";s:5:"width";i:900;s:6:"height";i:630;s:9:"mime-type";s:10:"image/jpeg";}s:9:"portfolio";a:4:{s:4:"file";s:16:"app1-495x400.jpg";s:5:"width";i:495;s:6:"height";i:400;s:9:"mime-type";s:10:"image/jpeg";}s:15:"portfolio_small";a:4:{s:4:"file";s:16:"app1-260x185.jpg";s:5:"width";i:260;s:6:"height";i:185;s:9:"mime-type";s:10:"image/jpeg";}s:7:"gallery";a:4:{s:4:"file";s:16:"app1-845x684.jpg";s:5:"width";i:845;s:6:"height";i:684;s:9:"mime-type";s:10:"image/jpeg";}s:8:"magazine";a:4:{s:4:"file";s:16:"app1-710x375.jpg";s:5:"width";i:710;s:6:"height";i:375;s:9:"mime-type";s:10:"image/jpeg";}s:7:"masonry";a:4:{s:4:"file";s:16:"app1-705x705.jpg";s:5:"width";i:705;s:6:"height";i:705;s:9:"mime-type";s:10:"image/jpeg";}s:18:"entry_with_sidebar";a:4:{s:4:"file";s:16:"app1-845x321.jpg";s:5:"width";i:845;s:6:"height";i:321;s:9:"mime-type";s:10:"image/jpeg";}s:21:"entry_without_sidebar";a:4:{s:4:"file";s:16:"app1-900x423.jpg";s:5:"width";i:900;s:6:"height";i:423;s:9:"mime-type";s:10:"image/jpeg";}s:14:"shop_thumbnail";a:4:{s:4:"file";s:16:"app1-120x120.jpg";s:5:"width";i:120;s:6:"height";i:120;s:9:"mime-type";s:10:"image/jpeg";}s:12:"shop_catalog";a:4:{s:4:"file";s:16:"app1-450x450.jpg";s:5:"width";i:450;s:6:"height";i:450;s:9:"mime-type";s:10:"image/jpeg";}s:11:"shop_single";a:4:{s:4:"file";s:16:"app1-450x450.jpg";s:5:"width";i:450;s:6:"height";i:450;s:9:"mime-type";s:10:"image/jpeg";}}s:10:"image_meta";a:12:{s:8:"aperture";s:1:"0";s:6:"credit";s:0:"";s:6:"camera";s:0:"";s:7:"caption";s:0:"";s:17:"created_timestamp";s:1:"0";s:9:"copyright";s:0:"";s:12:"focal_length";s:1:"0";s:3:"iso";s:1:"0";s:13:"shutter_speed";s:1:"0";s:5:"title";s:0:"";s:11:"orientation";s:1:"0";s:8:"keywords";a:0:{}}}]]></wp:meta_value>
        </wp:postmeta>
    </item>
    <item>
        <title>Stokata Statistics Web Interface</title>
        <link>http://www.thomascarter.net/themes/blackbox-resume/cv/app2/</link>
        <pubDate>Sat, 27 Feb 2016 13:51:07 +0000</pubDate>
        <dc:creator><![CDATA[Thomas Carter]]></dc:creator>
        <guid isPermaLink="false">http://www.thomascarter.net/themes/blackbox-resume/files/2016/02/app2.jpg</guid>
        <description></description>
        <content:encoded><![CDATA[]]></content:encoded>
        <excerpt:encoded><![CDATA[]]></excerpt:encoded>
        <wp:post_id>90</wp:post_id>
        <wp:post_date><![CDATA[2016-02-27 13:51:07]]></wp:post_date>
        <wp:post_date_gmt><![CDATA[2016-02-27 13:51:07]]></wp:post_date_gmt>
        <wp:comment_status><![CDATA[open]]></wp:comment_status>
        <wp:ping_status><![CDATA[closed]]></wp:ping_status>
        <wp:post_name><![CDATA[app2]]></wp:post_name>
        <wp:status><![CDATA[inherit]]></wp:status>
        <wp:post_parent>12</wp:post_parent>
        <wp:menu_order>0</wp:menu_order>
        <wp:post_type><![CDATA[attachment]]></wp:post_type>
        <wp:post_password><![CDATA[]]></wp:post_password>
        <wp:is_sticky>0</wp:is_sticky>
        <wp:attachment_url><![CDATA[http://www.thomascarter.net/themes/blackbox-resume/files/2016/02/app2.jpg]]></wp:attachment_url>
        <wp:postmeta>
            <wp:meta_key><![CDATA[_wp_attached_file]]></wp:meta_key>
            <wp:meta_value><![CDATA[2016/02/app2.jpg]]></wp:meta_value>
        </wp:postmeta>
        <wp:postmeta>
            <wp:meta_key><![CDATA[_wp_attachment_metadata]]></wp:meta_key>
            <wp:meta_value><![CDATA[a:5:{s:5:"width";i:900;s:6:"height";i:900;s:4:"file";s:16:"2016/02/app2.jpg";s:5:"sizes";a:17:{s:9:"thumbnail";a:4:{s:4:"file";s:14:"app2-80x80.jpg";s:5:"width";i:80;s:6:"height";i:80;s:9:"mime-type";s:10:"image/jpeg";}s:6:"medium";a:4:{s:4:"file";s:16:"app2-300x300.jpg";s:5:"width";i:300;s:6:"height";i:300;s:9:"mime-type";s:10:"image/jpeg";}s:12:"medium_large";a:4:{s:4:"file";s:16:"app2-768x768.jpg";s:5:"width";i:768;s:6:"height";i:768;s:9:"mime-type";s:10:"image/jpeg";}s:6:"widget";a:4:{s:4:"file";s:14:"app2-36x36.jpg";s:5:"width";i:36;s:6:"height";i:36;s:9:"mime-type";s:10:"image/jpeg";}s:6:"square";a:4:{s:4:"file";s:16:"app2-180x180.jpg";s:5:"width";i:180;s:6:"height";i:180;s:9:"mime-type";s:10:"image/jpeg";}s:8:"featured";a:4:{s:4:"file";s:16:"app2-900x430.jpg";s:5:"width";i:900;s:6:"height";i:430;s:9:"mime-type";s:10:"image/jpeg";}s:14:"featured_large";a:4:{s:4:"file";s:16:"app2-900x630.jpg";s:5:"width";i:900;s:6:"height";i:630;s:9:"mime-type";s:10:"image/jpeg";}s:9:"portfolio";a:4:{s:4:"file";s:16:"app2-495x400.jpg";s:5:"width";i:495;s:6:"height";i:400;s:9:"mime-type";s:10:"image/jpeg";}s:15:"portfolio_small";a:4:{s:4:"file";s:16:"app2-260x185.jpg";s:5:"width";i:260;s:6:"height";i:185;s:9:"mime-type";s:10:"image/jpeg";}s:7:"gallery";a:4:{s:4:"file";s:16:"app2-845x684.jpg";s:5:"width";i:845;s:6:"height";i:684;s:9:"mime-type";s:10:"image/jpeg";}s:8:"magazine";a:4:{s:4:"file";s:16:"app2-710x375.jpg";s:5:"width";i:710;s:6:"height";i:375;s:9:"mime-type";s:10:"image/jpeg";}s:7:"masonry";a:4:{s:4:"file";s:16:"app2-705x705.jpg";s:5:"width";i:705;s:6:"height";i:705;s:9:"mime-type";s:10:"image/jpeg";}s:18:"entry_with_sidebar";a:4:{s:4:"file";s:16:"app2-845x321.jpg";s:5:"width";i:845;s:6:"height";i:321;s:9:"mime-type";s:10:"image/jpeg";}s:21:"entry_without_sidebar";a:4:{s:4:"file";s:16:"app2-900x423.jpg";s:5:"width";i:900;s:6:"height";i:423;s:9:"mime-type";s:10:"image/jpeg";}s:14:"shop_thumbnail";a:4:{s:4:"file";s:16:"app2-120x120.jpg";s:5:"width";i:120;s:6:"height";i:120;s:9:"mime-type";s:10:"image/jpeg";}s:12:"shop_catalog";a:4:{s:4:"file";s:16:"app2-450x450.jpg";s:5:"width";i:450;s:6:"height";i:450;s:9:"mime-type";s:10:"image/jpeg";}s:11:"shop_single";a:4:{s:4:"file";s:16:"app2-450x450.jpg";s:5:"width";i:450;s:6:"height";i:450;s:9:"mime-type";s:10:"image/jpeg";}}s:10:"image_meta";a:12:{s:8:"aperture";s:1:"0";s:6:"credit";s:0:"";s:6:"camera";s:0:"";s:7:"caption";s:0:"";s:17:"created_timestamp";s:1:"0";s:9:"copyright";s:0:"";s:12:"focal_length";s:1:"0";s:3:"iso";s:1:"0";s:13:"shutter_speed";s:1:"0";s:5:"title";s:0:"";s:11:"orientation";s:1:"0";s:8:"keywords";a:0:{}}}]]></wp:meta_value>
        </wp:postmeta>
    </item>
    <item>
        <title>Boluri Backend</title>
        <link>http://www.thomascarter.net/themes/blackbox-resume/cv/app3/</link>
        <pubDate>Sat, 27 Feb 2016 13:51:09 +0000</pubDate>
        <dc:creator><![CDATA[Thomas Carter]]></dc:creator>
        <guid isPermaLink="false">http://www.thomascarter.net/themes/blackbox-resume/files/2016/02/app3.jpg</guid>
        <description></description>
        <content:encoded><![CDATA[]]></content:encoded>
        <excerpt:encoded><![CDATA[]]></excerpt:encoded>
        <wp:post_id>91</wp:post_id>
        <wp:post_date><![CDATA[2016-02-27 13:51:09]]></wp:post_date>
        <wp:post_date_gmt><![CDATA[2016-02-27 13:51:09]]></wp:post_date_gmt>
        <wp:comment_status><![CDATA[open]]></wp:comment_status>
        <wp:ping_status><![CDATA[closed]]></wp:ping_status>
        <wp:post_name><![CDATA[app3]]></wp:post_name>
        <wp:status><![CDATA[inherit]]></wp:status>
        <wp:post_parent>12</wp:post_parent>
        <wp:menu_order>0</wp:menu_order>
        <wp:post_type><![CDATA[attachment]]></wp:post_type>
        <wp:post_password><![CDATA[]]></wp:post_password>
        <wp:is_sticky>0</wp:is_sticky>
        <wp:attachment_url><![CDATA[http://www.thomascarter.net/themes/blackbox-resume/files/2016/02/app3.jpg]]></wp:attachment_url>
        <wp:postmeta>
            <wp:meta_key><![CDATA[_wp_attached_file]]></wp:meta_key>
            <wp:meta_value><![CDATA[2016/02/app3.jpg]]></wp:meta_value>
        </wp:postmeta>
        <wp:postmeta>
            <wp:meta_key><![CDATA[_wp_attachment_metadata]]></wp:meta_key>
            <wp:meta_value><![CDATA[a:5:{s:5:"width";i:900;s:6:"height";i:900;s:4:"file";s:16:"2016/02/app3.jpg";s:5:"sizes";a:17:{s:9:"thumbnail";a:4:{s:4:"file";s:14:"app3-80x80.jpg";s:5:"width";i:80;s:6:"height";i:80;s:9:"mime-type";s:10:"image/jpeg";}s:6:"medium";a:4:{s:4:"file";s:16:"app3-300x300.jpg";s:5:"width";i:300;s:6:"height";i:300;s:9:"mime-type";s:10:"image/jpeg";}s:12:"medium_large";a:4:{s:4:"file";s:16:"app3-768x768.jpg";s:5:"width";i:768;s:6:"height";i:768;s:9:"mime-type";s:10:"image/jpeg";}s:6:"widget";a:4:{s:4:"file";s:14:"app3-36x36.jpg";s:5:"width";i:36;s:6:"height";i:36;s:9:"mime-type";s:10:"image/jpeg";}s:6:"square";a:4:{s:4:"file";s:16:"app3-180x180.jpg";s:5:"width";i:180;s:6:"height";i:180;s:9:"mime-type";s:10:"image/jpeg";}s:8:"featured";a:4:{s:4:"file";s:16:"app3-900x430.jpg";s:5:"width";i:900;s:6:"height";i:430;s:9:"mime-type";s:10:"image/jpeg";}s:14:"featured_large";a:4:{s:4:"file";s:16:"app3-900x630.jpg";s:5:"width";i:900;s:6:"height";i:630;s:9:"mime-type";s:10:"image/jpeg";}s:9:"portfolio";a:4:{s:4:"file";s:16:"app3-495x400.jpg";s:5:"width";i:495;s:6:"height";i:400;s:9:"mime-type";s:10:"image/jpeg";}s:15:"portfolio_small";a:4:{s:4:"file";s:16:"app3-260x185.jpg";s:5:"width";i:260;s:6:"height";i:185;s:9:"mime-type";s:10:"image/jpeg";}s:7:"gallery";a:4:{s:4:"file";s:16:"app3-845x684.jpg";s:5:"width";i:845;s:6:"height";i:684;s:9:"mime-type";s:10:"image/jpeg";}s:8:"magazine";a:4:{s:4:"file";s:16:"app3-710x375.jpg";s:5:"width";i:710;s:6:"height";i:375;s:9:"mime-type";s:10:"image/jpeg";}s:7:"masonry";a:4:{s:4:"file";s:16:"app3-705x705.jpg";s:5:"width";i:705;s:6:"height";i:705;s:9:"mime-type";s:10:"image/jpeg";}s:18:"entry_with_sidebar";a:4:{s:4:"file";s:16:"app3-845x321.jpg";s:5:"width";i:845;s:6:"height";i:321;s:9:"mime-type";s:10:"image/jpeg";}s:21:"entry_without_sidebar";a:4:{s:4:"file";s:16:"app3-900x423.jpg";s:5:"width";i:900;s:6:"height";i:423;s:9:"mime-type";s:10:"image/jpeg";}s:14:"shop_thumbnail";a:4:{s:4:"file";s:16:"app3-120x120.jpg";s:5:"width";i:120;s:6:"height";i:120;s:9:"mime-type";s:10:"image/jpeg";}s:12:"shop_catalog";a:4:{s:4:"file";s:16:"app3-450x450.jpg";s:5:"width";i:450;s:6:"height";i:450;s:9:"mime-type";s:10:"image/jpeg";}s:11:"shop_single";a:4:{s:4:"file";s:16:"app3-450x450.jpg";s:5:"width";i:450;s:6:"height";i:450;s:9:"mime-type";s:10:"image/jpeg";}}s:10:"image_meta";a:12:{s:8:"aperture";s:1:"0";s:6:"credit";s:0:"";s:6:"camera";s:0:"";s:7:"caption";s:0:"";s:17:"created_timestamp";s:1:"0";s:9:"copyright";s:0:"";s:12:"focal_length";s:1:"0";s:3:"iso";s:1:"0";s:13:"shutter_speed";s:1:"0";s:5:"title";s:0:"";s:11:"orientation";s:1:"0";s:8:"keywords";a:0:{}}}]]></wp:meta_value>
        </wp:postmeta>
    </item>
    <item>
        <title>Stokata Web App</title>
        <link>http://www.thomascarter.net/themes/blackbox-resume/cv/app4/</link>
        <pubDate>Sat, 27 Feb 2016 13:51:11 +0000</pubDate>
        <dc:creator><![CDATA[Thomas Carter]]></dc:creator>
        <guid isPermaLink="false">http://www.thomascarter.net/themes/blackbox-resume/files/2016/02/app4.jpg</guid>
        <description></description>
        <content:encoded><![CDATA[]]></content:encoded>
        <excerpt:encoded><![CDATA[]]></excerpt:encoded>
        <wp:post_id>92</wp:post_id>
        <wp:post_date><![CDATA[2016-02-27 13:51:11]]></wp:post_date>
        <wp:post_date_gmt><![CDATA[2016-02-27 13:51:11]]></wp:post_date_gmt>
        <wp:comment_status><![CDATA[open]]></wp:comment_status>
        <wp:ping_status><![CDATA[closed]]></wp:ping_status>
        <wp:post_name><![CDATA[app4]]></wp:post_name>
        <wp:status><![CDATA[inherit]]></wp:status>
        <wp:post_parent>12</wp:post_parent>
        <wp:menu_order>0</wp:menu_order>
        <wp:post_type><![CDATA[attachment]]></wp:post_type>
        <wp:post_password><![CDATA[]]></wp:post_password>
        <wp:is_sticky>0</wp:is_sticky>
        <wp:attachment_url><![CDATA[http://www.thomascarter.net/themes/blackbox-resume/files/2016/02/app4.jpg]]></wp:attachment_url>
        <wp:postmeta>
            <wp:meta_key><![CDATA[_wp_attached_file]]></wp:meta_key>
            <wp:meta_value><![CDATA[2016/02/app4.jpg]]></wp:meta_value>
        </wp:postmeta>
        <wp:postmeta>
            <wp:meta_key><![CDATA[_wp_attachment_metadata]]></wp:meta_key>
            <wp:meta_value><![CDATA[a:5:{s:5:"width";i:900;s:6:"height";i:900;s:4:"file";s:16:"2016/02/app4.jpg";s:5:"sizes";a:17:{s:9:"thumbnail";a:4:{s:4:"file";s:14:"app4-80x80.jpg";s:5:"width";i:80;s:6:"height";i:80;s:9:"mime-type";s:10:"image/jpeg";}s:6:"medium";a:4:{s:4:"file";s:16:"app4-300x300.jpg";s:5:"width";i:300;s:6:"height";i:300;s:9:"mime-type";s:10:"image/jpeg";}s:12:"medium_large";a:4:{s:4:"file";s:16:"app4-768x768.jpg";s:5:"width";i:768;s:6:"height";i:768;s:9:"mime-type";s:10:"image/jpeg";}s:6:"widget";a:4:{s:4:"file";s:14:"app4-36x36.jpg";s:5:"width";i:36;s:6:"height";i:36;s:9:"mime-type";s:10:"image/jpeg";}s:6:"square";a:4:{s:4:"file";s:16:"app4-180x180.jpg";s:5:"width";i:180;s:6:"height";i:180;s:9:"mime-type";s:10:"image/jpeg";}s:8:"featured";a:4:{s:4:"file";s:16:"app4-900x430.jpg";s:5:"width";i:900;s:6:"height";i:430;s:9:"mime-type";s:10:"image/jpeg";}s:14:"featured_large";a:4:{s:4:"file";s:16:"app4-900x630.jpg";s:5:"width";i:900;s:6:"height";i:630;s:9:"mime-type";s:10:"image/jpeg";}s:9:"portfolio";a:4:{s:4:"file";s:16:"app4-495x400.jpg";s:5:"width";i:495;s:6:"height";i:400;s:9:"mime-type";s:10:"image/jpeg";}s:15:"portfolio_small";a:4:{s:4:"file";s:16:"app4-260x185.jpg";s:5:"width";i:260;s:6:"height";i:185;s:9:"mime-type";s:10:"image/jpeg";}s:7:"gallery";a:4:{s:4:"file";s:16:"app4-845x684.jpg";s:5:"width";i:845;s:6:"height";i:684;s:9:"mime-type";s:10:"image/jpeg";}s:8:"magazine";a:4:{s:4:"file";s:16:"app4-710x375.jpg";s:5:"width";i:710;s:6:"height";i:375;s:9:"mime-type";s:10:"image/jpeg";}s:7:"masonry";a:4:{s:4:"file";s:16:"app4-705x705.jpg";s:5:"width";i:705;s:6:"height";i:705;s:9:"mime-type";s:10:"image/jpeg";}s:18:"entry_with_sidebar";a:4:{s:4:"file";s:16:"app4-845x321.jpg";s:5:"width";i:845;s:6:"height";i:321;s:9:"mime-type";s:10:"image/jpeg";}s:21:"entry_without_sidebar";a:4:{s:4:"file";s:16:"app4-900x423.jpg";s:5:"width";i:900;s:6:"height";i:423;s:9:"mime-type";s:10:"image/jpeg";}s:14:"shop_thumbnail";a:4:{s:4:"file";s:16:"app4-120x120.jpg";s:5:"width";i:120;s:6:"height";i:120;s:9:"mime-type";s:10:"image/jpeg";}s:12:"shop_catalog";a:4:{s:4:"file";s:16:"app4-450x450.jpg";s:5:"width";i:450;s:6:"height";i:450;s:9:"mime-type";s:10:"image/jpeg";}s:11:"shop_single";a:4:{s:4:"file";s:16:"app4-450x450.jpg";s:5:"width";i:450;s:6:"height";i:450;s:9:"mime-type";s:10:"image/jpeg";}}s:10:"image_meta";a:12:{s:8:"aperture";s:1:"0";s:6:"credit";s:0:"";s:6:"camera";s:0:"";s:7:"caption";s:0:"";s:17:"created_timestamp";s:1:"0";s:9:"copyright";s:0:"";s:12:"focal_length";s:1:"0";s:3:"iso";s:1:"0";s:13:"shutter_speed";s:1:"0";s:5:"title";s:0:"";s:11:"orientation";s:1:"0";s:8:"keywords";a:0:{}}}]]></wp:meta_value>
        </wp:postmeta>
    </item>
    <item>
        <title>marker3</title>
        <link>http://www.thomascarter.net/themes/blackbox-resume/cv/marker3/</link>
        <pubDate>Sat, 27 Feb 2016 14:39:57 +0000</pubDate>
        <dc:creator><![CDATA[Thomas Carter]]></dc:creator>
        <guid isPermaLink="false">http://www.thomascarter.net/themes/blackbox-resume/files/2016/02/marker3.png</guid>
        <description></description>
        <content:encoded><![CDATA[]]></content:encoded>
        <excerpt:encoded><![CDATA[]]></excerpt:encoded>
        <wp:post_id>112</wp:post_id>
        <wp:post_date><![CDATA[2016-02-27 14:39:57]]></wp:post_date>
        <wp:post_date_gmt><![CDATA[2016-02-27 14:39:57]]></wp:post_date_gmt>
        <wp:comment_status><![CDATA[open]]></wp:comment_status>
        <wp:ping_status><![CDATA[closed]]></wp:ping_status>
        <wp:post_name><![CDATA[marker3]]></wp:post_name>
        <wp:status><![CDATA[inherit]]></wp:status>
        <wp:post_parent>12</wp:post_parent>
        <wp:menu_order>0</wp:menu_order>
        <wp:post_type><![CDATA[attachment]]></wp:post_type>
        <wp:post_password><![CDATA[]]></wp:post_password>
        <wp:is_sticky>0</wp:is_sticky>
        <wp:attachment_url><![CDATA[http://www.thomascarter.net/themes/blackbox-resume/files/2016/02/marker3.png]]></wp:attachment_url>
        <wp:postmeta>
            <wp:meta_key><![CDATA[_wp_attached_file]]></wp:meta_key>
            <wp:meta_value><![CDATA[2016/02/marker3.png]]></wp:meta_value>
        </wp:postmeta>
        <wp:postmeta>
            <wp:meta_key><![CDATA[_wp_attachment_metadata]]></wp:meta_key>
            <wp:meta_value><![CDATA[a:5:{s:5:"width";i:80;s:6:"height";i:80;s:4:"file";s:19:"2016/02/marker3.png";s:5:"sizes";a:1:{s:6:"widget";a:4:{s:4:"file";s:17:"marker3-36x36.png";s:5:"width";i:36;s:6:"height";i:36;s:9:"mime-type";s:9:"image/png";}}s:10:"image_meta";a:12:{s:8:"aperture";s:1:"0";s:6:"credit";s:0:"";s:6:"camera";s:0:"";s:7:"caption";s:0:"";s:17:"created_timestamp";s:1:"0";s:9:"copyright";s:0:"";s:12:"focal_length";s:1:"0";s:3:"iso";s:1:"0";s:13:"shutter_speed";s:1:"0";s:5:"title";s:0:"";s:11:"orientation";s:1:"0";s:8:"keywords";a:0:{}}}]]></wp:meta_value>
        </wp:postmeta>
    </item>
    <item>
        <title>Hello World!</title>
        <link>http://www.thomascarter.net/themes/blackbox-resume/forums/topic/hello-world/</link>
        <pubDate>Fri, 18 Mar 2016 12:26:31 +0000</pubDate>
        <dc:creator><![CDATA[Thomas Carter]]></dc:creator>
        <guid isPermaLink="false">http://www.thomascarter.net/themes/blackbox-resume/forums/topic/hello-world/</guid>
        <description></description>
        <content:encoded><![CDATA[I am the first topic in your new forums.]]></content:encoded>
        <excerpt:encoded><![CDATA[]]></excerpt:encoded>
        <wp:post_id>4</wp:post_id>
        <wp:post_date><![CDATA[2016-03-18 12:26:31]]></wp:post_date>
        <wp:post_date_gmt><![CDATA[2016-03-18 12:26:31]]></wp:post_date_gmt>
        <wp:comment_status><![CDATA[closed]]></wp:comment_status>
        <wp:ping_status><![CDATA[closed]]></wp:ping_status>
        <wp:post_name><![CDATA[hello-world]]></wp:post_name>
        <wp:status><![CDATA[publish]]></wp:status>
        <wp:post_parent>3</wp:post_parent>
        <wp:menu_order>0</wp:menu_order>
        <wp:post_type><![CDATA[topic]]></wp:post_type>
        <wp:post_password><![CDATA[]]></wp:post_password>
        <wp:is_sticky>0</wp:is_sticky>
        <wp:postmeta>
            <wp:meta_key><![CDATA[_bbp_author_ip]]></wp:meta_key>
            <wp:meta_value><![CDATA[212.186.180.120]]></wp:meta_value>
        </wp:postmeta>
        <wp:postmeta>
            <wp:meta_key><![CDATA[_bbp_forum_id]]></wp:meta_key>
            <wp:meta_value><![CDATA[3]]></wp:meta_value>
        </wp:postmeta>
        <wp:postmeta>
            <wp:meta_key><![CDATA[_bbp_topic_id]]></wp:meta_key>
            <wp:meta_value><![CDATA[4]]></wp:meta_value>
        </wp:postmeta>
        <wp:postmeta>
            <wp:meta_key><![CDATA[_bbp_voice_count]]></wp:meta_key>
            <wp:meta_value><![CDATA[1]]></wp:meta_value>
        </wp:postmeta>
        <wp:postmeta>
            <wp:meta_key><![CDATA[_bbp_reply_count]]></wp:meta_key>
            <wp:meta_value><![CDATA[1]]></wp:meta_value>
        </wp:postmeta>
        <wp:postmeta>
            <wp:meta_key><![CDATA[_bbp_reply_count_hidden]]></wp:meta_key>
            <wp:meta_value><![CDATA[0]]></wp:meta_value>
        </wp:postmeta>
        <wp:postmeta>
            <wp:meta_key><![CDATA[_bbp_last_reply_id]]></wp:meta_key>
            <wp:meta_value><![CDATA[5]]></wp:meta_value>
        </wp:postmeta>
        <wp:postmeta>
            <wp:meta_key><![CDATA[_bbp_last_active_id]]></wp:meta_key>
            <wp:meta_value><![CDATA[4]]></wp:meta_value>
        </wp:postmeta>
        <wp:postmeta>
            <wp:meta_key><![CDATA[_bbp_last_active_time]]></wp:meta_key>
            <wp:meta_value><![CDATA[2016-03-18 12:26:31]]></wp:meta_value>
        </wp:postmeta>
    </item>
    <item>
        <title>Re: Hello World!</title>
        <link>http://www.thomascarter.net/themes/blackbox-resume/forums/reply/re-hello-world/</link>
        <pubDate>Fri, 18 Mar 2016 12:26:31 +0000</pubDate>
        <dc:creator><![CDATA[Thomas Carter]]></dc:creator>
        <guid isPermaLink="false">http://www.thomascarter.net/themes/blackbox-resume/forums/reply/re-hello-world/</guid>
        <description></description>
        <content:encoded><![CDATA[Oh, and this is what a reply looks like.]]></content:encoded>
        <excerpt:encoded><![CDATA[]]></excerpt:encoded>
        <wp:post_id>5</wp:post_id>
        <wp:post_date><![CDATA[2016-03-18 12:26:31]]></wp:post_date>
        <wp:post_date_gmt><![CDATA[2016-03-18 12:26:31]]></wp:post_date_gmt>
        <wp:comment_status><![CDATA[closed]]></wp:comment_status>
        <wp:ping_status><![CDATA[closed]]></wp:ping_status>
        <wp:post_name><![CDATA[re-hello-world]]></wp:post_name>
        <wp:status><![CDATA[publish]]></wp:status>
        <wp:post_parent>4</wp:post_parent>
        <wp:menu_order>0</wp:menu_order>
        <wp:post_type><![CDATA[reply]]></wp:post_type>
        <wp:post_password><![CDATA[]]></wp:post_password>
        <wp:is_sticky>0</wp:is_sticky>
        <wp:postmeta>
            <wp:meta_key><![CDATA[_bbp_author_ip]]></wp:meta_key>
            <wp:meta_value><![CDATA[212.186.180.120]]></wp:meta_value>
        </wp:postmeta>
        <wp:postmeta>
            <wp:meta_key><![CDATA[_bbp_forum_id]]></wp:meta_key>
            <wp:meta_value><![CDATA[3]]></wp:meta_value>
        </wp:postmeta>
        <wp:postmeta>
            <wp:meta_key><![CDATA[_bbp_topic_id]]></wp:meta_key>
            <wp:meta_value><![CDATA[4]]></wp:meta_value>
        </wp:postmeta>
    </item>
</channel>
</rss>
